Player,Position,GamesPlayed,Goals,Assists,Points,PlusMinus,PointsPerGame,TimeOnIcePerGame,Salary,CapHit
Aaron Ekblad,D,51,4,14,18,27,0.35,20:52:00,4000000,7500000
Adam Fantilli,C,49,12,15,27,-21,0.55,15:43:00,855000,950000
Adam Fox,D,70,16,55,71,19,1.01,23:29:00,12000000,9500000
Adam Henrique,C,77,22,25,47,6,0.61,16:53:00,1456250,1456250
Adam Larsson,D,77,4,14,18,2,0.23,22:59:00,5500000,4000000
Adam Lowry,C,79,10,23,33,15,0.42,16:08:00,4500000,3250000
Adam Pelech,D,55,1,15,16,-2,0.29,20:12:00,5750000,5750000
Adrian Kempe,R,74,27,45,72,14,0.97,18:56:00,5750000,5500000
Alec Martinez,D,53,4,13,17,-1,0.32,19:09:00,4250000,5250000
Aleksander Barkov,C,71,23,54,77,29,1.08,19:35:00,1000000,10000000
Alex DeBrincat,R,79,24,39,63,-3,0.8,17:48:00,8250000,7875000
Alex Iafallo,L,79,11,15,26,13,0.33,15:23:00,4400000,4000000
Alex Killorn,L,60,18,18,36,-15,0.6,18:46:00,6250000,6250000
Alex Laferriere,R,78,12,11,23,-12,0.29,13:16:00,787500,875000
Alex Newhook,C,52,13,18,31,-12,0.6,16:57:00,3500000,2900000
Alex Ovechkin,L,76,30,34,64,-22,0.84,19:18:00,1000000,9500000
Alex Pietrangelo,D,64,4,29,33,-5,0.52,23:34:00,4300000,8800000
Alex Tuch,R,73,22,37,59,10,0.81,19:24:00,4750000,4750000
Alex Vlasic,D,72,2,14,16,-6,0.22,21:26:00,832500,916667
Alexander Holtz,R,80,16,12,28,-13,0.35,11:34:00,832500,894167
Alexander Romanov,D,78,7,14,21,20,0.27,20:52:00,2500000,2500000
Alexander Wennberg,C,77,10,20,30,1,0.39,18:01:00,2500000,2250000
Alexandre Carrier,D,71,4,15,19,6,0.27,18:49:00,2500000,2500000
Alexandre Texier,C,76,11,18,29,-5,0.38,15:09:00,1750000,1525000
Alexey Toropchenko,R,79,14,6,20,-3,0.25,12:26:00,1250000,1250000
Alexis Lafrenière,L,80,27,29,56,-1,0.7,17:17:00,1650000,2325000
Aliaksei Protas,C,75,6,23,29,-5,0.39,13:37:00,775000,789167
Anders Lee,L,79,20,15,35,1,0.44,15:35:00,8950000,7000000
Andrei Kuzmenko,L,68,18,22,40,-12,0.59,14:46:00,3500000,5500000
Andrei Svechnikov,R,57,19,30,49,11,0.86,17:00:00,9000000,7750000
Andrew Cogliano,C,72,6,13,19,10,0.26,10:35:00,825000,825000
Andrew Copp,C,77,13,20,33,0,0.43,16:20:00,6250000,5625000
Andrew Mangiapane,L,71,13,25,38,7,0.54,16:03:00,5800000,5800000
Anthony Beauvillier,L,57,5,11,16,-8,0.28,13:38:00,4150000,4150000
Anthony Cirelli,C,77,20,24,44,4,0.57,18:30:00,1625000,6250000
Anthony Duclair,L,70,22,17,39,-7,0.56,15:51:00,4000000,3000000
Anthony Mantha,R,72,23,20,43,10,0.6,14:16:00,3250000,2850000
Anton Lundell,C,76,12,22,34,19,0.45,15:23:00,832500,925000
Artem Zub,D,66,4,20,24,5,0.36,21:01:00,4000000,4600000
Artemi Panarin,L,80,47,70,117,15,1.46,20:06:00,1000000,11642857
Arthur Kaliyev,R,51,7,8,15,-3,0.29,11:48:00,832500,894167
Artturi Lehkonen,L,42,16,16,32,13,0.76,18:32:00,5000000,4500000
Auston Matthews,C,78,68,38,106,37,1.36,20:57:00,775000,11640250
Beck Malenstyn,L,78,6,14,20,-3,0.26,14:17:00,775000,762500
Ben Chiarot,D,74,5,14,19,-4,0.26,19:39:00,5250000,4750000
Blake Coleman,C,77,29,23,52,17,0.68,17:09:00,5900000,4900000
Bo Horvat,C,78,33,35,68,0,0.87,19:40:00,8500000,8500000
Bobby Brink,R,55,11,12,23,1,0.42,13:56:00,832500,925000
Bobby McMann,C,55,15,9,24,13,0.44,11:42:00,775000,762500
Boone Jenner,C,58,22,13,35,-8,0.6,20:06:00,3750000,3750000
Boris Katchouk,L,56,7,6,13,-3,0.23,11:28:00,775000,758333
Bowen Byram,D,71,11,16,27,-1,0.38,20:18:00,3080000,3850000
Brad Marchand,L,79,28,38,66,6,0.84,19:12:00,3000000,6125000
Braden Schneider,D,80,4,14,18,-2,0.23,15:50:00,832500,925000
Brady Skjei,D,79,13,33,46,15,0.58,21:17:00,5400000,5250000
Brady Tkachuk,L,78,35,35,70,2,0.9,19:03:00,10500000,8205714
Brandon Carlo,D,74,4,10,14,21,0.19,19:58:00,4700000,4100000
Brandon Hagel,L,79,24,48,72,3,0.91,19:19:00,2050000,1500000
Brandon Montour,D,64,7,25,32,-3,0.5,23:19:00,775000,3500000
Brandon Saad,L,79,26,15,41,-3,0.52,15:32:00,5500000,4500000
Brandon Tanev,L,62,7,6,13,0,0.21,14:38:00,2500000,3500000
Brayden McNabb,D,78,3,22,25,16,0.32,19:17:00,2750000,2850000
Brayden Point,C,78,45,43,88,-12,1.13,20:00:00,5000000,9500000
Brayden Schenn,C,79,19,25,44,-22,0.56,17:42:00,8000000,6500000
Brendan Gallagher,R,74,13,13,26,-25,0.35,13:47:00,8000000,6500000
Brendan Smith,D,61,5,10,15,-1,0.25,16:05:00,1200000,1100000
Brenden Dillon,D,75,8,12,20,18,0.27,18:44:00,2000000,3900000
Brent Burns,D,79,10,30,40,17,0.51,21:38:00,1980000,5280000
Brett Howden,C,68,8,9,17,-11,0.25,13:08:00,775000,1900000
Brett Kulak,D,77,3,11,14,4,0.18,15:10:00,3000000,2750000
Brett Leason,R,65,11,11,22,-7,0.34,13:05:00,800000,775000
Brian Dumoulin,D,76,6,10,16,8,0.21,17:00:00,3300000,3150000
Brock Boeser,R,79,40,33,73,22,0.92,18:40:00,6650000,6650000
Brock Faber,D,78,7,36,43,0,0.55,25:03:00,832500,925000
Brock Nelson,C,79,30,33,63,-7,0.8,18:02:00,5600000,6000000
Bryan Rust,R,59,27,27,54,13,0.92,19:30:00,6100000,5125000
Cal Clutterbuck,R,79,7,12,19,5,0.24,11:55:00,1750000,1750000
Cale Makar,D,74,20,67,87,15,1.18,24:49:00,11000000,9000000
Calen Addison,D,69,1,16,17,-32,0.25,17:13:00,825000,825000
Cam Atkinson,R,68,13,15,28,-22,0.41,16:13:00,5275000,5875000
Cam Fowler,D,78,5,31,36,-36,0.46,24:29:00,7500000,6500000
Carter Verhaeghe,C,75,33,38,71,15,0.95,17:57:00,4500000,4166667
Casey Cizikas,C,67,9,13,22,-1,0.33,13:51:00,2500000,2500000
Casey Mittelstadt,C,77,18,38,56,11,0.73,17:51:00,2600000,2500000
Chandler Stephenson,C,73,16,31,47,-11,0.64,18:30:00,3225000,2750000
Charlie Coyle,C,79,25,33,58,0,0.73,18:09:00,4500000,5250000
Charlie McAvoy,D,71,12,34,46,7,0.65,24:54:00,7750000,9500000
Chris Kreider,L,80,39,33,72,16,0.9,18:47:00,3000000,6500000
Chris Tanev,D,73,2,17,19,22,0.26,19:40:00,1125000,1125000
Christian Fischer,R,76,5,14,19,3,0.25,11:22:00,1125000,1125000
Claude Giroux,R,79,21,41,62,-15,0.78,20:05:00,7000000,6500000
Clayton Keller,R,75,33,40,73,-22,0.97,19:11:00,6000000,7150000
Cody Ceci,D,76,4,20,24,11,0.32,19:59:00,4500000,3250000
Cole Caufield,R,79,25,37,62,-5,0.78,19:23:00,4975000,7850000
Cole Perfetti,C,70,17,19,36,11,0.51,13:32:00,832500,894167
Cole Sillinger,C,75,13,18,31,-4,0.41,16:05:00,832500,925000
Cole Smith,L,78,9,14,23,6,0.29,13:42:00,775000,775000
Colton Parayko,D,79,10,16,26,4,0.33,23:47:00,8000000,6500000
Colton Sissons,C,79,15,20,35,-8,0.44,16:37:00,3500000,2857143
Connor Bedard,C,64,22,37,59,-39,0.92,19:46:00,855000,950000
Connor Clifton,D,77,4,14,18,12,0.23,16:33:00,3333334,3333333
Connor Dewar,C,72,11,6,17,-9,0.24,11:36:00,850000,800000
Connor McDavid,C,74,31,99,130,34,1.76,21:29:00,1000000,12500000
Connor McMichael,C,77,18,15,33,-20,0.43,15:59:00,832500,863333
Connor Zary,C,59,12,19,31,13,0.53,15:19:00,832500,863333
Conor Garland,R,79,19,24,43,19,0.54,14:30:00,6000000,4950000
Conor Sheary,L,54,4,11,15,-4,0.28,11:01:00,1500000,2000000
Corey Perry,R,49,11,9,20,-3,0.41,13:19:00,775000,775000
Craig Smith,C,73,10,9,19,2,0.26,10:14:00,800000,1000000
Curtis Lazar,C,71,7,18,25,10,0.35,12:23:00,1000000,1000000
Dakota Joshua,C,60,16,14,30,17,0.5,14:19:00,850000,825000
Damon Severson,D,65,9,18,27,-12,0.42,21:09:00,6000000,6250000
Daniel Sprong,R,73,17,24,41,-7,0.56,12:05:00,2000000,2000000
Danton Heinen,L,71,16,19,35,14,0.49,14:24:00,775000,775000
Darnell Nurse,D,77,9,18,27,3,0.35,21:56:00,10400000,9250000
Darren Raddysh,D,79,6,25,31,-2,0.39,19:01:00,775000,762500
David Perron,L,73,15,27,42,-12,0.58,15:32:00,5150000,4750000
David Savard,D,57,6,14,20,-2,0.35,20:12:00,4200000,3500000
Dawson Mercer,C,80,20,13,33,-24,0.41,17:07:00,832500,894167
Devon Toews,D,79,12,37,49,27,0.62,23:26:00,5900000,4100000
Dmitri Voronkov,L,74,18,16,34,-5,0.46,13:26:00,832500,925000
Dmitry Kulikov,D,74,1,19,20,13,0.27,16:26:00,1000000,1000000
Dmitry Orlov,D,79,6,20,26,6,0.33,17:12:00,4750000,7750000
Drake Batherson,R,79,28,35,63,-8,0.8,18:05:00,5400000,4975000
Drew Doughty,D,79,15,34,49,13,0.62,25:48:00,11000000,11000000
Drew O'Connor,L,76,15,16,31,12,0.41,15:39:00,925000,925000
Dylan Cozens,C,77,16,28,44,-5,0.57,17:11:00,5100000,7100000
Dylan DeMelo,D,79,3,27,30,42,0.38,21:47:00,3500000,3000000
Dylan Guenther,R,42,15,16,31,1,0.74,16:10:00,832500,894167
Dylan Larkin,C,65,32,33,65,1,1,20:00:00,10000000,8700000
Dylan Samberg,D,75,1,17,18,15,0.24,15:31:00,1300000,1400000
Dylan Strome,C,79,27,38,65,-15,0.82,17:53:00,4500000,5000000
Eeli Tolvanen,R,78,16,25,41,-13,0.53,15:44:00,1450000,1450000
Eetu Luostarinen,C,80,12,14,26,0,0.33,15:56:00,1500000,1500000
Elias Lindholm,C,72,14,27,41,-15,0.57,19:47:00,4850000,4850000
Elias Pettersson,C,79,34,54,88,20,1.11,19:44:00,10250000,7350000
Erik Gudbranson,D,76,6,17,23,-14,0.3,19:37:00,4000000,4000000
Erik Haula,L,74,16,19,35,0,0.47,16:51:00,2900000,3150000
Erik Karlsson,D,79,10,42,52,7,0.66,24:16:00,9130435,10000000
Esa Lindell,D,80,5,20,25,16,0.31,20:25:00,5000000,5800000
Evan Bouchard,D,77,17,62,79,34,1.03,23:02:00,3500000,3900000
Evan Rodrigues,C,78,12,27,39,27,0.5,15:11:00,775000,3000000
Evander Kane,L,75,23,18,41,-4,0.55,16:44:00,1500000,5125000
Evgeni Malkin,C,79,25,38,63,7,0.8,18:34:00,6000000,6100000
Evgeny Kuznetsov,C,60,8,16,24,-9,0.4,17:45:00,3000000,3900000
Fabian Zetterlund,L,79,22,20,42,-30,0.53,18:51:00,1400000,1450000
Filip Forsberg,L,79,43,46,89,15,1.13,18:59:00,10000000,8500000
Filip Hronek,D,79,5,43,48,34,0.61,23:31:00,5500000,4400000
Filip Zadina,R,72,13,10,23,-44,0.32,13:20:00,1100000,1100000
Frank Vatrano,R,79,33,23,56,-21,0.71,18:24:00,3650000,3650000
Gabriel Vilardi,C,44,20,14,34,9,0.77,17:01:00,3275000,3437500
Garnet Hathaway,R,80,7,10,17,-6,0.21,12:23:00,1700000,2375000
Gustav Forsling,D,77,10,28,38,51,0.49,22:02:00,3500000,2666667
Gustav Nyquist,C,79,22,50,72,8,0.91,17:47:00,3185000,3185000
Hampus Lindholm,D,70,3,23,26,17,0.37,23:20:00,6000000,6500000
Hendrix Lapierre,C,48,8,13,21,0,0.44,11:29:00,832500,863333
Henri Jokiharju,D,72,3,16,19,12,0.26,18:56:00,2600000,2500000
Ilya Mikheyev,R,75,11,19,30,1,0.4,14:18:00,5350000,4750000
Ivan Barbashev,C,78,18,26,44,15,0.56,16:06:00,3000000,5000000
Ivan Provorov,D,80,5,26,31,-10,0.39,22:10:00,3850000,4725000
J.J. Moser,D,77,5,21,26,-3,0.34,20:37:00,832500,886667
J.T. Compher,L,74,17,27,44,-5,0.59,19:26:00,5500000,5100000
J.T. Miller,C,79,36,65,101,30,1.28,19:33:00,1000000,8000000
Jaccob Slavin,D,79,5,30,35,17,0.44,20:55:00,5500000,5300000
Jack Drury,C,71,8,19,27,7,0.38,12:09:00,832500,925000
Jack Eichel,C,59,29,34,63,5,1.07,20:34:00,10000000,10000000
Jack Hughes,C,62,27,47,74,-12,1.19,20:58:00,8500000,8000000
Jack Johnson,D,77,3,13,16,16,0.21,14:48:00,775000,775000
Jack McBain,C,64,8,15,23,5,0.36,12:34:00,1599999,1599999
Jack Quinn,R,25,8,8,16,-2,0.64,15:35:00,832500,863333
Jack Roslovic,C,57,8,22,30,-11,0.53,15:41:00,2000000,2000000
Jackson LaCombe,D,68,1,13,14,-25,0.21,19:20:00,832500,925000
Jacob Bernard-Docker,D,69,4,10,14,-5,0.2,15:44:00,785000,805000
Jacob Trouba,D,67,3,19,22,-5,0.33,21:17:00,8000000,8000000
Jaden Schwartz,C,58,13,17,30,-11,0.52,16:27:00,7000000,5500000
Jake DeBrusk,L,77,18,21,39,7,0.51,16:52:00,4000000,4000000
Jake Evans,C,79,7,18,25,-3,0.32,15:58:00,1700000,1700000
Jake Guentzel,C,65,28,46,74,21,1.14,20:07:00,4500000,4500000
Jake McCabe,D,71,8,20,28,19,0.39,20:44:00,2000000,2000000
Jake Neighbours,L,77,27,11,38,-16,0.49,15:42:00,832500,835833
Jake Sanderson,D,76,10,25,35,9,0.46,23:08:00,832500,925000
Jake Walman,D,63,12,9,21,-2,0.33,19:46:00,3500000,3400000
Jakob Chychrun,D,79,13,27,40,-27,0.51,22:29:00,4400000,4600000
Jakob Silfverberg,R,78,7,12,19,4,0.24,13:03:00,5250000,5250000
Jalen Chatfield,D,70,8,14,22,14,0.31,15:07:00,775000,762500
James van Riemsdyk,L,70,11,27,38,7,0.54,13:30:00,1000000,1000000
Jamie Benn,L,80,21,38,59,8,0.74,15:06:00,1000000,9500000
Jamie Oleksiak,D,78,2,12,14,-4,0.18,19:42:00,6000000,4600000
Jan Rutta,D,68,4,14,18,-19,0.26,19:43:00,2500000,2750000
Jared McCann,L,76,28,32,60,-8,0.79,16:43:00,6000000,5000000
Jason Dickinson,C,78,21,13,34,5,0.44,16:34:00,3250000,2650000
Jason Robertson,L,80,28,50,78,18,0.98,18:19:00,8000000,7750000
Jason Zucker,L,66,13,18,31,-11,0.47,13:51:00,5300000,5300000
Jean-Gabriel Pageau,C,79,10,22,32,-8,0.41,16:02:00,4500000,5000000
Jeff Carter,C,69,10,4,14,-6,0.2,12:32:00,3000000,3125000
Jeff Petry,D,70,3,20,23,-6,0.33,18:49:00,1687500,2343750
Jeff Skinner,L,72,24,22,46,-2,0.64,16:05:00,10000000,9000000
Jeremy Lauzon,D,76,6,8,14,-2,0.18,18:29:00,2000000,2000000
Jesper Boqvist,C,44,6,8,14,12,0.32,10:59:00,775000,775000
Jesper Bratt,L,80,27,55,82,-6,1.03,19:14:00,5000000,7875000
Jesper Fast,R,70,6,13,19,1,0.27,12:44:00,2400000,2400000
Jesperi Kotkaniemi,C,76,11,14,25,-5,0.33,12:54:00,4500000,4820000
Jimmy Vesey,L,78,13,13,26,-2,0.33,12:25:00,800000,800000
Joe Pavelski,C,80,27,39,66,12,0.83,16:47:00,3500000,3500000
Joel Armia,R,63,17,7,24,4,0.38,15:27:00,4800000,3400000
Joel Eriksson Ek,C,73,30,32,62,18,0.85,20:40:00,6000000,5250000
Joel Farabee,L,80,22,28,50,-14,0.63,16:15:00,2250000,5000000
Joey Anderson,R,51,4,12,16,6,0.31,13:36:00,800000,800000
John Carlson,D,79,8,42,50,-10,0.63,25:47:00,4000000,8000000
John Marino,D,73,4,21,25,-7,0.34,20:55:00,5250000,4400000
John Tavares,C,77,26,36,62,3,0.81,17:54:00,910000,11000000
Johnny Gaudreau,L,79,11,48,59,-30,0.75,18:55:00,7750000,9750000
Jonas Brodin,D,58,7,17,24,20,0.41,23:33:00,8000000,6000000
Jonathan Drouin,L,76,19,37,56,13,0.74,18:11:00,825000,825000
Jonathan Huberdeau,C,77,12,38,50,-28,0.65,17:26:00,3500000,10500000
Jonathan Marchessault,R,78,41,26,67,1,0.86,17:50:00,3500000,5000000
Jonny Brodzinski,C,57,6,13,19,-3,0.33,11:08:00,775000,762500
Jordan Eberle,R,74,17,27,44,3,0.59,17:25:00,3750000,5500000
Jordan Greenway,L,65,9,17,26,10,0.4,17:14:00,3500000,3000000
Jordan Harris,D,54,3,11,14,-4,0.26,17:28:00,1400000,1400000
Jordan Kyrou,C,79,29,36,65,-10,0.82,18:26:00,9000000,8125000
Jordan Martinook,L,79,13,17,30,-1,0.38,14:38:00,2700000,1800000
Jordan Spence,D,68,2,21,23,7,0.34,14:25:00,775000,820000
Jordan Staal,C,79,9,20,29,-15,0.37,15:23:00,3450000,2900000
Josh Anderson,R,75,9,10,19,-19,0.25,15:29:00,8000000,5500000
Josh Manson,D,73,7,16,23,12,0.32,17:41:00,5000000,4500000
Juraj Slafkovsky,L,79,19,29,48,-19,0.61,17:50:00,855000,950000
Justin Bailey,R,58,5,9,14,-15,0.24,11:16:00,775000,775000
Justin Danforth,R,69,10,12,22,-15,0.32,14:16:00,975000,975000
Justin Faulk,D,60,2,28,30,-2,0.5,21:58:00,7900000,6500000
Justin Schultz,D,66,7,18,25,-18,0.38,16:26:00,3000000,3000000
K'Andre Miller,D,78,8,22,30,3,0.38,21:34:00,2748000,3872000
Kaapo Kakko,R,59,13,6,19,6,0.32,13:17:00,2400000,2100000
Kaiden Guhle,D,70,6,16,22,-8,0.31,20:51:00,832500,863333
Kailer Yamamoto,R,56,7,8,15,-7,0.27,11:55:00,1500000,1500000
Kasperi Kapanen,R,70,5,16,21,-4,0.3,14:23:00,3200000,3200000
Keegan Kolesar,R,75,7,9,16,-8,0.21,10:54:00,1400000,1400000
Kevin Fiala,L,79,28,43,71,1,0.9,18:00:00,4875000,7875000
Kevin Hayes,R,77,13,16,29,0,0.38,14:29:00,3250000,3571429
Kevin Korchinski,D,72,5,9,14,-37,0.19,19:38:00,855000,918333
Kevin Shattenkirk,D,58,5,17,22,-1,0.38,15:42:00,1050000,1050000
Kevin Stenlund,C,79,10,4,14,-10,0.18,12:38:00,1000000,1000000
Kiefer Sherwood,L,65,9,17,26,17,0.4,12:07:00,775000,775000
Kirill Kaprizov,L,71,42,48,90,10,1.27,21:30:00,12500000,9000000
Kirill Marchenko,R,76,23,18,41,-5,0.54,16:27:00,832500,925000
Klim Kostin,C,49,8,6,14,-10,0.29,10:38:00,1800000,2000000
Kris Letang,D,79,10,40,50,16,0.63,24:41:00,8000000,6100000
Kyle Connor,L,63,32,25,57,-8,0.9,19:43:00,7500000,7142857
Kyle Okposo,R,66,12,10,22,1,0.33,13:26:00,2500000,2500000
Kyle Palmieri,C,79,28,21,49,-19,0.62,17:08:00,5000000,5000000
Lars Eller,C,79,15,14,29,0,0.37,15:57:00,1450000,2450000
Lawson Crouse,L,78,22,19,41,-2,0.53,16:53:00,4600000,4300000
Leo Carlsson,C,52,12,16,28,-10,0.54,18:05:00,855000,950000
Leon Draisaitl,C,77,41,63,104,27,1.35,20:45:00,8000000,8500000
Logan Cooley,C,79,19,24,43,-9,0.54,15:48:00,855000,950000
Logan Stankoven,C,22,6,8,14,10,0.64,14:44:00,775000,814167
Lucas Raymond,L,79,29,39,68,-16,0.86,17:39:00,832500,925000
Lukas Reichel,L,61,4,10,14,-30,0.23,14:10:00,832500,925000
Luke Evangelista,R,77,16,19,35,0,0.45,13:53:00,775000,797500
Luke Hughes,D,80,9,38,47,-25,0.59,21:24:00,832500,925000
Luke Kunin,C,74,11,7,18,-26,0.24,15:41:00,3000000,2750000
MacKenzie Weegar,D,78,19,29,48,0,0.62,22:51:00,4250000,6250000
Marco Rossi,C,78,21,17,38,-2,0.49,16:41:00,832500,863333
Marcus Foligno,L,55,10,12,22,10,0.4,14:29:00,4100000,3100000
Marcus Johansson,L,74,10,18,28,-13,0.38,15:54:00,2000000,2000000
Marcus Pettersson,D,79,4,24,28,27,0.35,22:41:00,4025175,4025175
Mario Ferraro,D,75,2,17,19,-35,0.25,22:56:00,3250000,3250000
Mark Jankowski,C,29,7,7,14,9,0.48,12:26:00,775000,775000
Mark Scheifele,C,72,25,45,70,18,0.97,20:10:00,6000000,6125000
Martin Pospisil,C,59,8,12,20,10,0.34,12:39:00,775000,775000
Mason Appleton,C,79,14,21,35,13,0.44,16:03:00,2250000,2166667
Mason Marchment,L,79,21,31,52,21,0.66,15:03:00,4800000,4500000
Mason McTavish,C,64,19,23,42,-23,0.66,16:17:00,832500,894167
Mathew Barzal,C,78,23,57,80,-2,1.03,20:06:00,9150000,9150000
Mathieu Joseph,R,69,11,24,35,-4,0.51,16:23:00,2700000,2950000
Matias Maccelli,L,79,14,39,53,-7,0.67,16:20:00,3000000,3425000
Mats Zuccarello,R,68,11,51,62,-5,0.91,18:49:00,3000000,6000000
Matt Duchene,C,78,25,39,64,14,0.82,16:46:00,3000000,3000000
Matt Roy,D,78,4,20,24,20,0.31,20:58:00,4200000,3150000
Matthew Knies,L,77,15,20,35,9,0.45,13:43:00,832500,925000
Matthew Tkachuk,L,78,26,59,85,15,1.09,18:36:00,1000000,9500000
Mattias Ekholm,D,75,11,33,44,43,0.59,21:03:00,6240000,6000000
Max Domi,C,79,9,38,47,12,0.59,13:45:00,3000000,3000000
Max Jones,L,52,5,10,15,-6,0.29,12:03:00,1500000,1295000
Max Pacioretty,L,44,4,18,22,-14,0.5,14:37:00,2000000,2000000
Michael Amadio,R,71,13,13,26,4,0.37,13:23:00,775000,762500
Michael Bunting,L,78,18,32,50,-17,0.64,15:36:00,1500000,4500000
Michael Carcone,L,71,21,8,29,-3,0.41,11:17:00,775000,775000
Michael Eyssimont,C,78,11,13,24,7,0.31,11:53:00,800000,800000
Michael Kesselring,D,62,5,13,18,11,0.29,15:36:00,832500,925000
Michael McCarron,R,67,12,10,22,5,0.33,12:42:00,775000,775000
Michael Rasmussen,C,75,13,20,33,8,0.44,15:11:00,1900000,1460000
Mika Zibanejad,C,79,26,44,70,12,0.89,19:43:00,1000000,8500000
Mikael Backlund,C,78,15,23,38,-3,0.49,19:19:00,5350000,5350000
Mikael Granlund,C,66,12,44,56,-20,0.85,21:00:00,6000000,5000000
Mike Hoffman,C,66,10,13,23,-21,0.35,13:44:00,5000000,4500000
Mike Reilly,D,58,6,16,22,-2,0.38,17:04:00,1000000,1000000
Mikko Rantanen,R,77,40,62,102,20,1.32,23:04:00,9500000,9250000
Miles Wood,L,72,9,15,24,-7,0.33,13:40:00,3250000,2500000
Miro Heiskanen,D,69,8,43,51,8,0.74,24:29:00,10000000,8450000
Mitch Marner,R,66,25,56,81,24,1.23,21:16:00,775000,10903000
Morgan Barron,C,78,11,7,18,10,0.23,10:33:00,1300000,1350000
Morgan Frost,C,69,13,28,41,4,0.59,15:58:00,1450000,2100000
Morgan Geekie,C,73,16,22,38,7,0.52,15:25:00,2000000,2000000
Morgan Rielly,D,70,7,48,55,13,0.79,23:45:00,5000000,7500000
Moritz Seider,D,79,8,33,41,-10,0.52,22:13:00,832500,863333
Nathan MacKinnon,C,79,51,86,137,37,1.73,22:56:00,775000,12600000
Nazem Kadri,C,78,26,42,68,-3,0.87,18:25:00,4500000,7000000
Neal Pionk,D,79,5,25,30,4,0.38,20:49:00,7500000,5875000
Nic Dowd,C,61,10,9,19,-5,0.31,15:15:00,1300000,1300000
Nicholas Robertson,L,53,13,12,25,3,0.47,11:20:00,775000,796667
Nick Bjugstad,C,76,22,23,45,11,0.59,17:27:00,2100000,2100000
Nick Cousins,C,67,7,7,14,0,0.21,12:11:00,775000,1100000
Nick Foligno,L,70,17,20,37,-25,0.53,17:49:00,2000000,4000000
Nick Jensen,D,77,1,13,14,-9,0.18,19:48:00,3000000,4050000
Nick Leddy,D,79,3,23,26,10,0.33,22:16:00,4500000,4000000
Nick Schmaltz,C,76,22,38,60,-18,0.79,19:06:00,7500000,5850000
Nick Suzuki,C,79,33,43,76,-13,0.96,21:13:00,10000000,7875000
Nico Hischier,C,69,27,39,66,-5,0.96,19:26:00,7750000,7250000
Nicolas Roy,C,66,11,27,38,6,0.58,15:38:00,3500000,3000000
Nikita Kucherov,R,78,43,98,141,11,1.81,21:36:00,5000000,9500000
Nikita Zadorov,D,72,6,13,19,0,0.26,17:25:00,3750000,3750000
Niko Mikkola,D,80,3,14,17,10,0.21,20:03:00,2500000,2500000
Nikolaj Ehlers,L,79,24,33,57,26,0.72,15:52:00,6500000,6000000
Nils Lundkvist,D,57,2,17,19,14,0.33,14:20:00,832500,925000
Nino Niederreiter,R,75,18,15,33,12,0.44,14:59:00,4000000,4000000
Noah Cates,L,57,6,12,18,-8,0.32,13:42:00,2625000,2625000
Noah Dobson,D,79,10,60,70,12,0.89,24:31:00,4000000,4000000
Noah Hanifin,D,77,13,31,44,20,0.57,23:37:00,1237500,1237500
Oliver Bjorkstrand,R,78,20,37,57,-19,0.73,16:14:00,5350000,5400000
Oliver Ekman-Larsson,D,79,9,23,32,10,0.41,18:35:00,775000,2250000
Oskar Sundqvist,C,71,6,15,21,-6,0.3,13:15:00,775000,775000
Owen Power,D,74,6,26,32,7,0.43,22:54:00,832500,916667
Owen Tippett,R,76,28,25,53,-4,0.7,16:34:00,1750000,1500000
Parker Kelly,L,77,8,10,18,-6,0.23,11:35:00,775000,762500
Patrick Kane,R,47,20,24,44,-5,0.94,18:18:00,2750000,2750000
Paul Cotter,C,72,7,17,24,-10,0.33,12:47:00,775000,775000
Pavel Buchnevich,L,77,27,35,62,4,0.81,19:56:00,6900000,5800000
Pavel Dorofeyev,L,43,12,8,20,6,0.47,13:05:00,825000,825000
Pavel Mintyukov,D,63,4,24,28,-20,0.44,18:51:00,855000,918333
Pavel Zacha,C,75,19,37,56,13,0.75,18:08:00,5750000,4750000
Peyton Krebs,C,78,4,13,17,3,0.22,12:32:00,832500,863333
Philipp Kurashev,C,71,17,35,52,-40,0.73,19:04:00,2250000,2250000
Phillip Danault,C,75,17,27,44,11,0.59,18:00:00,3750000,5500000
Pierre Engvall,L,72,10,16,26,2,0.36,15:19:00,3000000,3000000
Pierre-Luc Dubois,C,79,15,24,39,-9,0.49,15:40:00,1000000,8500000
Pius Suter,C,64,13,14,27,15,0.42,15:37:00,1600000,1600000
Pontus Holmberg,R,51,6,10,16,10,0.31,11:28:00,775000,800000
Quinn Hughes,D,79,17,74,91,40,1.15,24:45:00,8600000,7850000
Quinton Byfield,R,77,19,34,53,19,0.69,16:31:00,832500,894167
Radek Faksa,C,72,7,12,19,1,0.26,12:32:00,4000000,3250000
Radko Gudas,D,63,6,11,17,12,0.27,19:24:00,4000000,4000000
Rasmus Andersson,D,74,9,27,36,-11,0.49,23:53:00,4550000,4550000
Rasmus Dahlin,D,79,20,38,58,-2,0.73,25:29:00,7200000,6000000
Rasmus Sandin,D,68,3,20,23,-13,0.34,21:07:00,1600000,1400000
Reilly Smith,R,73,12,27,39,6,0.53,16:11:00,5250000,5000000
Rickard Rakell,R,67,14,21,35,5,0.52,16:36:00,6000000,5000000
Ridly Greig,C,69,13,13,26,11,0.38,14:34:00,832500,863333
Robby Fabbri,C,65,18,13,31,-12,0.48,12:48:00,4250000,4000000
Robert Thomas,C,79,25,58,83,9,1.05,21:00:00,9000000,8125000
Roman Josi,D,79,21,59,80,11,1.01,24:45:00,5000000,9059000
Roope Hintz,C,78,30,35,65,26,0.83,17:13:00,7500000,8450000
Ross Colton,C,77,16,22,38,-10,0.49,13:48:00,4100000,4000000
Ryan Donato,C,74,11,16,27,-16,0.36,14:03:00,2000000,2000000
Ryan Hartman,R,70,19,23,42,5,0.6,16:25:00,2000000,1700000
Ryan Johansen,C,63,13,10,23,-6,0.37,13:39:00,4000000,4000000
Ryan Lindgren,D,74,3,13,16,21,0.22,19:21:00,4000000,3000000
Ryan McDonagh,D,72,3,26,29,16,0.4,21:44:00,8400000,6750000
Ryan McLeod,C,76,12,18,30,14,0.39,14:14:00,2100000,2100000
Ryan Nugent-Hopkins,C,76,18,48,66,9,0.87,19:42:00,6250000,5125000
Ryan O'Reilly,C,79,26,40,66,7,0.84,19:50:00,5000000,4500000
Ryan Poehling,C,75,11,17,28,-10,0.37,14:53:00,1400000,1400000
Ryan Pulock,D,55,5,13,18,4,0.33,22:31:00,6150000,6150000
Ryan Strome,C,76,11,28,39,-20,0.51,15:51:00,5000000,5000000
Ryan Suter,D,80,2,15,17,15,0.21,18:58:00,4300000,3650000
Sam Bennett,C,67,19,20,39,15,0.58,16:36:00,6350000,4425000
Sam Carrick,C,73,9,6,15,-12,0.21,12:09:00,425000,425000
Sam Lafferty,C,76,12,11,23,4,0.3,11:52:00,1150000,1150000
Sam Reinhart,C,80,54,37,91,26,1.14,20:16:00,4500000,6500000
Sam Steel,C,75,9,15,24,0,0.32,13:16:00,850000,850000
Samuel Girard,D,58,3,15,18,1,0.31,19:39:00,5000000,5000000
Scott Laughton,C,80,13,25,38,-8,0.48,15:43:00,3625000,3000000
Scott Perunovich,D,51,0,17,17,3,0.33,14:54:00,775000,775000
Sean Couturier,C,72,11,26,37,-11,0.51,17:49:00,4000000,7750000
Sean Durzi,D,73,8,30,38,-1,0.52,22:41:00,2000000,1700000
Sean Kuraly,C,60,9,8,17,-4,0.28,13:37:00,3250000,2500000
Sean Monahan,C,80,24,32,56,-3,0.7,18:08:00,1985000,1985000
Sean Walker,D,78,10,18,28,9,0.36,19:10:00,3350000,2650000
Sebastian Aho,C,76,35,52,87,30,1.14,19:38:00,850000,825000
Sebastian Aho,C,76,35,52,87,30,1.14,19:38:00,775000,8460250
Seth Jarvis,C,79,30,33,63,20,0.8,18:47:00,832500,894167
Seth Jones,D,63,8,22,30,-14,0.48,25:29:00,7500000,9500000
Shane Pinto,C,38,8,18,26,10,0.68,17:50:00,775000,775000
Shayne Gostisbehere,D,78,10,40,50,-19,0.64,19:02:00,4125000,4125000
Shea Theodore,D,43,5,34,39,3,0.91,22:08:00,5200000,5200000
Sidney Crosby,C,79,41,48,89,10,1.13,20:05:00,3000000,8700000
Simon Nemec,D,58,3,16,19,-6,0.33,19:50:00,855000,918333
Sonny Milano,L,46,13,8,21,4,0.46,12:37:00,2350000,1900000
Stefan Noesen,R,78,14,21,35,13,0.45,11:46:00,775000,762500
Steven Stamkos,C,76,39,38,77,-21,1.01,18:12:00,1000000,8500000
T.J. Oshie,R,49,11,12,23,-8,0.47,16:48:00,4000000,5750000
Tage Thompson,C,69,29,27,56,0,0.81,18:18:00,5142858,7142857
Taylor Raddysh,R,71,5,9,14,-18,0.2,15:57:00,775000,758333
Teddy Blueger,C,65,6,21,27,6,0.42,14:56:00,1650000,1900000
Thomas Chabot,D,48,8,21,29,-3,0.6,23:21:00,8000000,8000000
Thomas Harley,D,77,15,31,46,25,0.6,20:57:00,832500,863333
Tim Stützle,C,75,18,52,70,-17,0.93,21:07:00,5000000,8350000
Timo Meier,R,67,27,24,51,-28,0.76,17:29:00,6000000,8800000
Timothy Liljegren,D,52,3,20,23,7,0.44,19:40:00,1500000,1400000
Tom Wilson,R,71,18,15,33,-21,0.46,18:03:00,5100000,5166667
Torey Krug,D,77,4,35,39,-31,0.51,21:58:00,8500000,6500000
Travis Konecny,R,74,32,35,67,5,0.91,19:48:00,6000000,5500000
Travis Sanheim,D,79,10,34,44,-19,0.56,23:46:00,5125000,6250000
Trent Frederic,C,79,18,21,39,9,0.49,13:45:00,2050000,2300000
Trevor Lewis,C,79,8,7,15,5,0.19,11:35:00,775000,775000
Trevor Moore,L,79,30,25,55,11,0.7,17:58:00,3500000,4200000
Troy Terry,R,73,20,33,53,-10,0.73,18:18:00,7000000,7000000
Tye Kartye,L,73,9,9,18,-4,0.25,11:48:00,775000,859167
Tyler Bertuzzi,L,77,21,22,43,7,0.56,16:02:00,775000,5500000
Tyler Johnson,C,63,16,13,29,-34,0.46,15:38:00,4750000,5000000
Tyler Myers,D,74,4,22,26,13,0.35,18:52:00,1000000,6000000
Tyler Seguin,C,67,25,27,52,10,0.78,16:32:00,2950000,9850000
Tyler Toffoli,C,76,31,21,52,-9,0.68,17:01:00,1750000,2125000
Tyson Barrie,D,41,1,14,15,-10,0.37,18:19:00,3750000,4500000
Tyson Foerster,R,75,20,13,33,0,0.44,17:13:00,832500,863333
Urho Vaakanainen,D,67,1,13,14,0,0.21,17:29:00,900000,850000
Valeri Nichushkin,R,51,26,24,50,6,0.98,21:32:00,7500000,6125000
Valtteri Puustinen,R,49,4,15,19,3,0.39,11:52:00,775000,775000
Victor Hedman,D,76,13,63,76,20,1,24:47:00,5000000,7875000
Victor Olofsson,L,50,7,8,15,0,0.3,11:38:00,4750000,4750000
Vince Dunn,D,59,11,35,46,8,0.78,23:05:00,9000000,7350000
Vincent Trocheck,C,80,25,51,76,13,0.95,21:24:00,3500000,5625000
Vladimir Tarasenko,R,74,23,31,54,11,0.73,15:42:00,2500000,2500000
Vladislav Gavrikov,D,74,6,17,23,9,0.31,20:41:00,775000,5875000
Vladislav Namestnikov,C,76,11,26,37,17,0.49,14:31:00,2000000,2000000
Warren Foegele,L,77,17,20,37,1,0.48,13:51:00,3250000,2750000
William Eklund,L,77,16,27,43,-40,0.56,18:39:00,832500,863333
William Karlsson,C,66,27,29,56,15,0.85,17:42:00,5600000,5900000
William Nylander,R,79,40,56,96,7,1.22,19:57:00,2500000,6962366
Wyatt Johnston,C,80,32,33,65,14,0.81,16:57:00,832500,894167
Yakov Trenin,C,73,12,4,16,14,0.22,14:38:00,1700000,1700000
Yanni Gourde,C,76,8,21,29,-12,0.38,17:31:00,5100000,5166666
Yegor Chinakhov,R,53,16,13,29,-3,0.55,15:10:00,800000,800000
Yegor Sharangovich,C,78,30,27,57,-28,0.73,17:14:00,3100000,3100000
Zach Benson,L,69,10,19,29,-3,0.42,14:30:00,855000,950000
Zach Bogosian,D,61,3,11,14,9,0.23,17:48:00,1050000,850000
Zach Hyman,L,76,53,22,75,36,0.99,19:33:00,7650000,5500000
Zemgus Girgensons,L,61,8,5,13,-1,0.21,11:51:00,2500000,2500000
