Player,Season,Team,S/C,Pos,GP,G,A,P,+/-,PIM,P/GP,EVG,EVP,PPG,PPP,SHG,SHP,OTG,GWG,S,S%,TOI/GP,FOW%,Tm,Salary,Cap Hit
Aaron Ekblad,20232024,FLA,R,D,51,4,14,18,27,50,0.35,3,14,1,4,0,0,0,1,98,4.1,20:52,--,FLA,4000000,7500000
Adam Fantilli,20232024,CBJ,L,C,49,12,15,27,-21,16,0.55,11,24,1,3,0,0,0,1,115,10.4,15:43,43.6,CBJ,855000,950000
Adam Fox,20232024,NYR,R,D,70,16,55,71,19,36,1.01,10,37,6,33,0,1,1,5,133,12,23:29,--,NYR,12000000,9500000
Adam Henrique,20232024,"ANA,EDM",L,C,77,22,25,47,6,37,0.61,15,32,5,10,2,5,0,4,130,16.9,16:53,53.6,EDM,1456250,1456250
Adam Larsson,20232024,SEA,R,D,77,4,14,18,2,55,0.23,4,17,0,0,0,1,0,1,124,3.2,22:59,--,SEA,5500000,4000000
Adam Lowry,20232024,WPG,L,C,79,10,23,33,15,57,0.42,9,29,0,2,1,2,1,1,116,8.6,16:08,49.3,WPG,4500000,3250000
Adam Pelech,20232024,NYI,L,D,55,1,15,16,-2,27,0.29,1,15,0,0,0,1,1,1,70,1.4,20:12,--,NYI,5750000,5750000
Adrian Kempe,20232024,LAK,L,R,74,27,45,72,14,72,0.97,19,43,5,25,3,4,0,3,241,11.2,18:56,25,LAK,5750000,5500000
Alec Martinez,20232024,VGK,L,D,53,4,13,17,-1,6,0.32,4,14,0,3,0,0,0,0,70,5.7,19:09,--,VEG,4250000,5250000
Aleksander Barkov,20232024,FLA,L,C,71,23,54,77,29,24,1.08,18,46,5,29,0,2,0,4,190,12.1,19:35,57,FLA,1000000,10000000
Alex DeBrincat,20232024,DET,R,R,79,24,39,63,-3,34,0.8,14,45,10,18,0,0,0,1,219,11,17:48,40.5,DET,8250000,7875000
Alex Iafallo,20232024,WPG,L,L,79,11,15,26,13,6,0.33,9,20,2,5,0,1,0,2,117,9.4,15:23,32,WPG,4400000,4000000
Alex Kerfoot,20232024,ARI,L,C,79,12,31,43,-15,26,0.54,8,29,2,11,2,3,0,3,100,12,17:18,48,NA,NA,NA
Alex Killorn,20232024,ANA,L,L,60,18,18,36,-15,52,0.6,13,29,5,7,0,0,1,5,136,13.2,18:46,34.2,ANA,6250000,6250000
Alex Laferriere,20232024,LAK,R,R,78,12,11,23,-12,44,0.29,12,20,0,3,0,0,0,2,141,8.5,13:16,53.9,LAK,787500,875000
Alex Newhook,20232024,MTL,L,C,52,13,18,31,-12,18,0.6,11,24,2,7,0,0,0,2,77,16.9,16:57,47.3,MTL,3500000,2900000
Alex Nylander,20232024,"PIT,CBJ",R,L,26,10,4,14,-2,4,0.54,8,12,2,2,0,0,0,2,65,15.4,16:19,47.4,NA,NA,NA
Alex Ovechkin,20232024,WSH,R,L,76,30,34,64,-22,20,0.84,17,36,13,28,0,0,1,5,268,11.2,19:18,0,WSH,1000000,9500000
Alex Pietrangelo,20232024,VGK,R,D,64,4,29,33,-5,24,0.52,4,23,0,9,0,1,1,2,141,2.8,23:34,--,VEG,4300000,8800000
Alex Tuch,20232024,BUF,R,R,73,22,37,59,10,52,0.81,19,47,2,11,1,1,0,7,186,11.8,19:24,38,BUF,4750000,4750000
Alex Vlasic,20232024,CHI,L,D,72,2,14,16,-6,41,0.22,2,14,0,2,0,0,0,1,68,2.9,21:26,--,CHI,832500,916667
Alexander Holtz,20232024,NJD,R,R,80,16,12,28,-13,14,0.35,15,26,1,2,0,0,0,3,120,13.3,11:34,29.6,NJD,832500,894167
Alexander Romanov,20232024,NYI,L,D,78,7,14,21,20,20,0.27,7,21,0,0,0,0,0,0,115,6.1,20:52,--,NYI,2500000,2500000
Alexander Wennberg,20232024,"SEA,NYR",L,C,77,10,20,30,1,14,0.39,6,23,3,6,1,1,0,4,90,11.1,18:01,46.4,NYR,2500000,2250000
Alexandre Carrier,20232024,NSH,R,D,71,4,15,19,6,44,0.27,3,17,0,1,1,1,0,2,75,5.3,18:49,--,NSH,2500000,2500000
Alexandre Texier,20232024,CBJ,L,C,76,11,18,29,-5,36,0.38,9,25,0,2,2,2,0,1,106,10.4,15:09,31.6,CBJ,1750000,1525000
Alexey Toropchenko,20232024,STL,L,R,79,14,6,20,-3,30,0.25,12,18,0,0,2,2,0,1,108,13,12:26,0,STL,1250000,1250000
Alexis Lafrenière,20232024,NYR,L,L,80,27,29,56,-1,40,0.7,25,50,2,6,0,0,1,5,212,12.7,17:17,25.8,NYR,1650000,2325000
Aliaksei Protas,20232024,WSH,L,C,75,6,23,29,-5,8,0.39,6,28,0,0,0,1,0,1,104,5.8,13:37,40.4,WSH,775000,789167
Anders Lee,20232024,NYI,L,L,79,20,15,35,1,68,0.44,15,30,5,5,0,0,0,2,182,11,15:35,43.2,NYI,8950000,7000000
Andre Burakovsky,20232024,SEA,L,L,45,7,9,16,-12,14,0.36,2,7,5,9,0,0,0,1,83,8.4,14:22,50,NA,NA,NA
Andrei Kuzmenko,20232024,"VAN,CGY",R,L,68,18,22,40,-12,12,0.59,12,24,6,16,0,0,1,4,110,16.4,14:46,100,CGY,3500000,5500000
Andrei Svechnikov,20232024,CAR,L,R,57,19,30,49,11,58,0.86,14,33,5,16,0,0,0,8,140,13.6,17:00,50,CAR,9000000,7750000
Andrew Cogliano,20232024,COL,L,C,72,6,13,19,10,16,0.26,5,15,0,0,1,4,0,0,60,10,10:35,33.8,COL,825000,825000
Andrew Copp,20232024,DET,L,C,77,13,20,33,0,26,0.43,11,27,1,3,1,3,0,3,107,12.2,16:20,53.6,DET,6250000,5625000
Andrew Mangiapane,20232024,CGY,L,L,71,13,25,38,7,47,0.54,11,35,2,3,0,0,0,0,117,11.1,16:03,37.5,CGY,5800000,5800000
Anthony Beauvillier,20232024,"VAN,CHI,NSH",L,L,57,5,11,16,-8,6,0.28,3,12,2,4,0,0,0,0,94,5.3,13:38,52,NSH,4150000,4150000
Anthony Cirelli,20232024,TBL,L,C,77,20,24,44,4,38,0.57,15,35,3,7,2,2,1,3,124,16.1,18:30,49.2,TBL,1625000,6250000
Anthony Duclair,20232024,"SJS,TBL",L,L,70,22,17,39,-7,34,0.56,17,27,5,12,0,0,0,1,124,17.7,15:51,36.6,TBL,4000000,3000000
Anthony Mantha,20232024,"WSH,VGK",L,R,72,23,20,43,10,25,0.6,20,35,3,8,0,0,0,0,112,20.5,14:16,27.3,VEG,3250000,2850000
Anton Lundell,20232024,FLA,L,C,76,12,22,34,19,46,0.45,11,28,1,5,0,1,1,2,161,7.5,15:23,54.3,FLA,832500,925000
Anze Kopitar,20232024,LAK,L,C,79,26,44,70,12,22,0.89,16,44,9,23,1,3,0,6,130,20,19:40,55.3,NA,NA,NA
Artem Zub,20232024,OTT,R,D,66,4,20,24,5,30,0.36,4,24,0,0,0,0,0,0,82,4.9,21:01,--,OTT,4000000,4600000
Artemi Panarin,20232024,NYR,R,L,80,47,70,117,15,24,1.46,36,72,11,44,0,1,1,5,291,16.2,20:06,10,NYR,1000000,11642857
Arthur Kaliyev,20232024,LAK,L,R,51,7,8,15,-3,14,0.29,4,11,3,4,0,0,0,0,101,6.9,11:48,0,LAK,832500,894167
Artturi Lehkonen,20232024,COL,L,L,42,16,16,32,13,14,0.76,9,20,7,12,0,0,1,2,96,16.7,18:32,27.3,COL,5000000,4500000
Auston Matthews,20232024,TOR,L,C,78,68,38,106,37,18,1.36,51,77,17,28,0,1,3,8,342,19.9,20:57,53.8,TOR,775000,11640250
Beck Malenstyn,20232024,WSH,L,L,78,6,14,20,-3,25,0.26,6,19,0,0,0,1,0,1,96,6.3,14:17,44,WSH,775000,762500
Ben Chiarot,20232024,DET,L,D,74,5,14,19,-4,56,0.26,5,19,0,0,0,0,1,1,102,4.9,19:39,--,DET,5250000,4750000
Blake Coleman,20232024,CGY,L,C,77,29,23,52,17,76,0.68,22,43,3,3,4,6,0,6,188,15.4,17:09,44.9,CGY,5900000,4900000
Blake Wheeler,20232024,NYR,R,R,54,9,12,21,2,23,0.39,8,20,1,1,0,0,0,1,83,10.8,12:43,61.3,NA,NA,NA
Bo Horvat,20232024,NYI,L,C,78,33,35,68,0,39,0.87,22,48,10,18,1,2,3,6,240,13.8,19:40,53.9,NYI,8500000,8500000
Bobby Brink,20232024,PHI,R,R,55,11,12,23,1,10,0.42,8,18,3,5,0,0,0,2,77,14.3,13:56,57.1,PHI,832500,925000
Bobby McMann,20232024,TOR,L,C,55,15,9,24,13,52,0.44,14,23,1,1,0,0,0,0,118,12.7,11:42,60,TOR,775000,762500
Boone Jenner,20232024,CBJ,L,C,58,22,13,35,-8,28,0.6,16,26,5,8,1,1,0,1,155,14.2,20:06,54.3,CBJ,3750000,3750000
Boris Katchouk,20232024,"CHI,OTT",L,L,56,7,6,13,-3,12,0.23,6,12,0,0,1,1,0,0,65,10.8,11:28,46,OTT,775000,758333
Bowen Byram,20232024,"COL,BUF",L,D,71,11,16,27,-1,53,0.38,11,27,0,0,0,0,0,0,83,13.3,20:18,--,BUF,3080000,3850000
Brad Marchand,20232024,BOS,L,L,79,28,38,66,6,74,0.84,19,37,7,26,2,3,2,6,202,13.9,19:12,44.2,BOS,3000000,6125000
Braden Schneider,20232024,NYR,R,D,80,4,14,18,-2,16,0.23,4,18,0,0,0,0,0,1,91,4.4,15:50,--,NYR,832500,925000
Brady Skjei,20232024,CAR,L,D,79,13,33,46,15,40,0.58,11,30,1,12,1,4,0,2,179,7.3,21:17,--,CAR,5400000,5250000
Brady Tkachuk,20232024,OTT,L,L,78,35,35,70,2,132,0.9,25,51,10,19,0,0,1,2,344,10.2,19:03,53,OTT,10500000,8205714
Brandon Carlo,20232024,BOS,R,D,74,4,10,14,21,42,0.19,4,14,0,0,0,0,0,1,77,5.2,19:58,--,BOS,4700000,4100000
Brandon Hagel,20232024,TBL,L,L,79,24,48,72,3,75,0.91,22,63,2,7,0,2,1,2,178,13.5,19:19,41,TBL,2050000,1500000
Brandon Montour,20232024,FLA,R,D,64,7,25,32,-3,44,0.5,6,15,1,17,0,0,0,3,163,4.3,23:19,--,FLA,775000,3500000
Brandon Saad,20232024,STL,L,L,79,26,15,41,-3,20,0.52,21,36,5,5,0,0,2,7,134,19.4,15:32,44,STL,5500000,4500000
Brandon Tanev,20232024,SEA,L,L,62,7,6,13,0,45,0.21,7,13,0,0,0,0,0,0,69,10.1,14:38,31,SEA,2500000,3500000
Brayden McNabb,20232024,VGK,L,D,78,3,22,25,16,37,0.32,3,23,0,1,0,1,0,0,80,3.8,19:17,--,VEG,2750000,2850000
Brayden Point,20232024,TBL,R,C,78,45,43,88,-12,12,1.13,31,57,14,31,0,0,0,12,215,20.9,20:00,46,TBL,5000000,9500000
Brayden Schenn,20232024,STL,L,C,79,19,25,44,-22,52,0.56,14,31,4,12,1,1,2,3,163,11.7,17:42,49.1,STL,8000000,6500000
Brendan Gallagher,20232024,MTL,R,R,74,13,13,26,-25,74,0.35,12,22,1,4,0,0,0,2,146,8.9,13:47,42.4,MTL,8000000,6500000
Brendan Smith,20232024,NJD,L,D,61,5,10,15,-1,59,0.25,5,15,0,0,0,0,0,0,56,8.9,16:05,--,NJD,1200000,1100000
Brenden Dillon,20232024,WPG,L,D,75,8,12,20,18,90,0.27,8,20,0,0,0,0,0,2,77,10.4,18:44,--,WPG,2000000,3900000
Brent Burns,20232024,CAR,R,D,79,10,30,40,17,20,0.51,5,21,4,18,1,1,0,0,179,5.6,21:38,--,CAR,1980000,5280000
Brett Howden,20232024,VGK,L,C,68,8,9,17,-11,37,0.25,6,15,0,0,2,2,0,0,74,10.8,13:08,45,VEG,775000,1900000
Brett Kulak,20232024,EDM,L,D,77,3,11,14,4,28,0.18,3,14,0,0,0,0,0,1,82,3.7,15:10,--,EDM,3000000,2750000
Brett Leason,20232024,ANA,R,R,65,11,11,22,-7,14,0.34,9,20,0,0,2,2,0,0,88,12.5,13:05,36.1,ANA,800000,775000
Brian Dumoulin,20232024,SEA,L,D,76,6,10,16,8,20,0.21,6,16,0,0,0,0,0,1,67,9,17:00,--,SEA,3300000,3150000
Brock Boeser,20232024,VAN,R,R,79,40,33,73,22,14,0.92,24,48,16,25,0,0,1,4,204,19.6,18:40,45.5,VAN,6650000,6650000
Brock Faber,20232024,MIN,R,D,78,7,36,43,0,26,0.55,5,30,2,13,0,0,0,1,125,5.6,25:03,--,MIN,832500,925000
Brock Nelson,20232024,NYI,L,C,79,30,33,63,-7,26,0.8,20,44,9,17,1,2,1,2,239,12.6,18:02,45.6,NYI,5600000,6000000
Bryan Rust,20232024,PIT,R,R,59,27,27,54,13,18,0.92,23,45,3,8,1,1,1,3,180,15,19:30,25,PIT,6100000,5125000
Cal Clutterbuck,20232024,NYI,R,R,79,7,12,19,5,32,0.24,7,19,0,0,0,0,0,0,57,12.3,11:55,39.4,NYI,1750000,1750000
Cale Makar,20232024,COL,R,D,74,20,67,87,15,16,1.18,12,45,7,38,1,4,0,1,225,8.9,24:49,--,COL,11000000,9000000
Calen Addison,20232024,"MIN,SJS",R,D,69,1,16,17,-32,72,0.25,1,8,0,9,0,0,0,0,86,1.2,17:13,--,SJS,825000,825000
Calle Jarnkrok,20232024,TOR,R,C,52,10,11,21,16,18,0.4,9,18,0,1,1,2,1,3,92,10.9,15:16,49.2,NA,NA,NA
Cam Atkinson,20232024,PHI,R,R,68,13,15,28,-22,25,0.41,11,22,2,6,0,0,0,3,175,7.4,16:13,48,PHI,5275000,5875000
Cam Fowler,20232024,ANA,L,D,78,5,31,36,-36,22,0.46,3,18,2,17,0,1,0,0,106,4.7,24:29,--,ANA,7500000,6500000
Cam York,20232024,PHI,L,D,80,10,20,30,-12,44,0.38,10,22,0,6,0,2,0,1,131,7.6,22:33,--,NA,NA,NA
Carter Verhaeghe,20232024,FLA,L,C,75,33,38,71,15,36,0.95,25,50,8,21,0,0,1,7,240,13.8,17:57,44.6,FLA,4500000,4166667
Casey Cizikas,20232024,NYI,L,C,67,9,13,22,-1,22,0.33,8,20,0,1,1,1,0,1,74,12.2,13:51,53.5,NYI,2500000,2500000
Casey Mittelstadt,20232024,"BUF,COL",L,C,77,18,38,56,11,30,0.73,15,47,3,9,0,0,0,1,126,14.3,17:51,47,COL,2600000,2500000
Chandler Stephenson,20232024,VGK,L,C,73,16,31,47,-11,25,0.64,10,33,4,11,2,3,0,4,97,16.5,18:30,52.6,VEG,3225000,2750000
Charlie Coyle,20232024,BOS,R,C,79,25,33,58,0,38,0.73,17,43,7,11,1,4,0,5,145,17.2,18:09,51.3,BOS,4500000,5250000
Charlie McAvoy,20232024,BOS,R,D,71,12,34,46,7,86,0.65,11,33,1,13,0,0,2,3,127,9.5,24:54,--,BOS,7750000,9500000
Chris Kreider,20232024,NYR,L,L,80,39,33,72,16,26,0.9,19,40,18,29,2,3,1,7,242,16.1,18:47,36.5,NYR,3000000,6500000
Chris Tanev,20232024,"CGY,DAL",R,D,73,2,17,19,22,24,0.26,2,19,0,0,0,0,0,0,53,3.8,19:40,--,DAL,1125000,1125000
Christian Fischer,20232024,DET,R,R,76,5,14,19,3,34,0.25,4,18,0,0,1,1,0,0,83,6,11:22,40.6,DET,1125000,1125000
Claude Giroux,20232024,OTT,R,R,79,21,41,62,-15,24,0.78,16,42,3,17,2,3,1,2,176,11.9,20:05,58.1,OTT,7000000,6500000
Clayton Keller,20232024,ARI,L,R,75,33,40,73,-22,32,0.97,24,45,9,28,0,0,0,4,215,15.4,19:11,46.9,ARI,6000000,7150000
Cody Ceci,20232024,EDM,R,D,76,4,20,24,11,14,0.32,4,23,0,0,0,1,0,0,94,4.3,19:59,--,EDM,4500000,3250000
Cole Caufield,20232024,MTL,R,R,79,25,37,62,-5,16,0.78,17,42,8,20,0,0,3,7,300,8.3,19:23,46.7,MTL,4975000,7850000
Cole Perfetti,20232024,WPG,L,C,70,17,19,36,11,12,0.51,12,25,5,11,0,0,0,3,139,12.2,13:32,37.6,WPG,832500,894167
Cole Sillinger,20232024,CBJ,L,C,75,13,18,31,-4,44,0.41,12,29,1,1,0,1,0,1,148,8.8,16:05,46.2,CBJ,832500,925000
Cole Smith,20232024,NSH,L,L,78,9,14,23,6,63,0.29,8,20,0,0,1,3,0,4,109,8.3,13:42,31.3,NSH,775000,775000
Colton Parayko,20232024,STL,R,D,79,10,16,26,4,23,0.33,9,23,0,1,1,2,1,4,151,6.6,23:47,--,STL,8000000,6500000
Colton Sissons,20232024,NSH,R,C,79,15,20,35,-8,34,0.44,9,24,3,7,3,4,0,2,126,11.9,16:37,52.7,NSH,3500000,2857143
Connor Bedard,20232024,CHI,R,C,64,22,37,59,-39,26,0.92,18,39,4,20,0,0,1,2,201,11,19:46,39.1,CHI,855000,950000
Connor Clifton,20232024,BUF,R,D,77,4,14,18,12,73,0.23,4,18,0,0,0,0,0,1,75,5.3,16:33,--,BUF,3333334,3333333
Connor Dewar,20232024,"MIN,TOR",L,C,72,11,6,17,-9,28,0.24,10,16,0,0,1,1,0,0,73,15.1,11:36,46.8,TOR,850000,800000
Connor McDavid,20232024,EDM,L,C,74,31,99,130,34,30,1.76,23,85,7,44,1,1,1,5,258,12,21:29,51.3,EDM,1000000,12500000
Connor McMichael,20232024,WSH,L,C,77,18,15,33,-20,34,0.43,15,25,2,6,1,2,0,3,133,13.5,15:59,42.7,WSH,832500,863333
Connor Zary,20232024,CGY,L,C,59,12,19,31,13,22,0.53,11,27,1,4,0,0,0,2,84,14.3,15:19,39.4,CGY,832500,863333
Conor Garland,20232024,VAN,R,R,79,19,24,43,19,23,0.54,18,39,1,4,0,0,0,3,190,10,14:30,20,VAN,6000000,4950000
Conor Sheary,20232024,TBL,L,L,54,4,11,15,-4,12,0.28,4,15,0,0,0,0,0,0,47,8.5,11:01,40,TBL,1500000,2000000
Corey Perry,20232024,"CHI,EDM",R,R,49,11,9,20,-3,46,0.41,8,16,3,4,0,0,0,2,76,14.5,13:19,0,EDM,775000,775000
Craig Smith,20232024,DAL,R,C,73,10,9,19,2,33,0.26,10,19,0,0,0,0,0,2,109,9.2,10:14,25,DAL,800000,1000000
Curtis Lazar,20232024,NJD,R,C,71,7,18,25,10,44,0.35,6,24,0,0,1,1,0,2,74,9.5,12:23,48.8,NJD,1000000,1000000
Dakota Joshua,20232024,VAN,L,C,60,16,14,30,17,58,0.5,15,29,1,1,0,0,0,5,78,20.5,14:19,47.9,VAN,850000,825000
Damon Severson,20232024,CBJ,R,D,65,9,18,27,-12,49,0.42,9,22,0,3,0,2,0,1,85,10.6,21:09,--,CBJ,6000000,6250000
Daniel Sprong,20232024,DET,R,R,73,17,24,41,-7,22,0.56,14,29,3,12,0,0,0,1,155,11,12:05,66.7,DET,2000000,2000000
Danton Heinen,20232024,BOS,L,L,71,16,19,35,14,28,0.49,14,33,1,1,1,1,0,4,116,13.8,14:24,38.7,BOS,775000,775000
Darnell Nurse,20232024,EDM,L,D,77,9,18,27,3,79,0.35,7,21,1,5,1,1,1,2,174,5.2,21:56,--,EDM,10400000,9250000
Darren Raddysh,20232024,TBL,R,D,79,6,25,31,-2,21,0.39,5,25,1,6,0,0,1,2,96,6.3,19:01,--,TBL,775000,762500
David Kampf,20232024,TOR,L,C,75,8,9,17,-5,18,0.23,8,17,0,0,0,0,0,1,79,10.1,13:29,51.1,NA,NA,NA
David Pastrnak,20232024,BOS,R,R,79,47,60,107,23,47,1.35,35,73,12,34,0,0,0,5,370,12.7,20:00,27.3,NA,NA,NA
David Perron,20232024,DET,R,L,73,15,27,42,-12,55,0.58,8,25,7,17,0,0,0,4,143,10.5,15:32,45.5,DET,5150000,4750000
David Savard,20232024,MTL,R,D,57,6,14,20,-2,22,0.35,6,20,0,0,0,0,0,0,53,11.3,20:12,--,MTL,4200000,3500000
Dawson Mercer,20232024,NJD,R,C,80,20,13,33,-24,29,0.41,16,28,4,5,0,0,0,2,132,15.2,17:07,45.1,NJD,832500,894167
Devon Toews,20232024,COL,L,D,79,12,37,49,27,18,0.62,12,42,0,5,0,2,0,2,155,7.7,23:26,--,COL,5900000,4100000
Dmitri Voronkov,20232024,CBJ,L,L,74,18,16,34,-5,52,0.46,12,26,6,8,0,0,0,2,140,12.9,13:26,42.2,CBJ,832500,925000
Dmitry Kulikov,20232024,FLA,L,D,74,1,19,20,13,63,0.27,1,18,0,0,0,2,0,0,73,1.4,16:26,--,FLA,1000000,1000000
Dmitry Orlov,20232024,CAR,L,D,79,6,20,26,6,36,0.33,5,20,0,5,1,1,0,1,124,4.8,17:12,--,CAR,4750000,7750000
Dominik Kubalik,20232024,OTT,L,L,72,11,4,15,-30,19,0.21,7,11,4,4,0,0,0,2,89,12.4,12:13,41.7,NA,NA,NA
Dougie Hamilton,20232024,NJD,R,D,20,5,11,16,-8,20,0.8,1,8,4,8,0,0,0,0,61,8.2,20:59,--,NA,NA,NA
Drake Batherson,20232024,OTT,R,R,79,28,35,63,-8,42,0.8,21,42,7,21,0,0,1,4,185,15.1,18:05,40.9,OTT,5400000,4975000
Drew Doughty,20232024,LAK,R,D,79,15,34,49,13,42,0.62,8,29,7,20,0,0,1,3,130,11.5,25:48,--,LAK,11000000,11000000
Drew O'Connor,20232024,PIT,L,L,76,15,16,31,12,20,0.41,15,30,0,0,0,1,0,2,155,9.7,15:39,47.7,PIT,925000,925000
Dylan Cozens,20232024,BUF,R,C,77,16,28,44,-5,42,0.57,12,32,2,10,2,2,1,1,192,8.3,17:11,45.8,BUF,5100000,7100000
Dylan DeMelo,20232024,WPG,R,D,79,3,27,30,42,36,0.38,3,29,0,1,0,0,0,0,82,3.7,21:47,--,WPG,3500000,3000000
Dylan Guenther,20232024,ARI,R,R,42,15,16,31,1,12,0.74,7,18,7,11,1,2,1,4,110,13.6,16:10,22.7,ARI,832500,894167
Dylan Larkin,20232024,DET,L,C,65,32,33,65,1,39,1,17,38,13,25,2,2,1,4,207,15.5,20:00,55.9,DET,10000000,8700000
Dylan Samberg,20232024,WPG,L,D,75,1,17,18,15,43,0.24,1,16,0,1,0,1,0,0,76,1.3,15:31,--,WPG,1300000,1400000
Dylan Strome,20232024,WSH,L,C,79,27,38,65,-15,20,0.82,21,44,6,21,0,0,3,5,163,16.6,17:53,52.8,WSH,4500000,5000000
Eeli Tolvanen,20232024,SEA,L,R,78,16,25,41,-13,24,0.53,15,31,1,10,0,0,0,3,152,10.5,15:44,34.3,SEA,1450000,1450000
Eetu Luostarinen,20232024,FLA,L,C,80,12,14,26,0,26,0.33,10,23,2,2,0,1,0,2,116,10.3,15:56,53.4,FLA,1500000,1500000
Egor Zamula,20232024,PHI,L,D,64,5,15,20,2,32,0.31,3,10,2,9,0,1,0,1,59,8.5,16:01,--,NA,NA,NA
Elias Lindholm,20232024,"CGY,VAN",R,C,72,14,27,41,-15,25,0.57,8,28,5,11,1,2,0,4,165,8.5,19:47,56.6,VAN,4850000,4850000
Elias Pettersson,20232024,VAN,L,C,79,34,54,88,20,12,1.11,21,55,13,31,0,2,2,10,205,16.6,19:44,50.8,VAN,10250000,7350000
Emil Bemstrom,20232024,"CBJ,PIT",R,C,54,7,8,15,-6,12,0.28,3,10,4,5,0,0,0,1,81,8.6,11:21,37.5,NA,NA,NA
Erik Brannstrom,20232024,OTT,L,D,73,3,16,19,4,36,0.26,3,18,0,0,0,1,0,0,74,4.1,16:30,--,NA,NA,NA
Erik Gudbranson,20232024,CBJ,R,D,76,6,17,23,-14,72,0.3,6,22,0,0,0,1,0,1,89,6.7,19:37,--,CBJ,4000000,4000000
Erik Gustafsson,20232024,NYR,L,D,74,6,24,30,2,35,0.41,6,21,0,9,0,0,0,1,89,6.7,17:23,--,NA,NA,NA
Erik Haula,20232024,NJD,L,L,74,16,19,35,0,52,0.47,14,30,1,3,1,2,0,2,148,10.8,16:51,55.4,NJD,2900000,3150000
Erik Karlsson,20232024,PIT,R,D,79,10,42,52,7,42,0.66,8,37,2,15,0,0,2,4,197,5.1,24:16,--,PIT,9130435,10000000
Esa Lindell,20232024,DAL,L,D,80,5,20,25,16,12,0.31,5,24,0,0,0,1,0,0,112,4.5,20:25,--,DAL,5000000,5800000
Evan Bouchard,20232024,EDM,R,D,77,17,62,79,34,30,1.03,9,44,8,35,0,0,2,7,209,8.1,23:02,--,EDM,3500000,3900000
Evan Rodrigues,20232024,FLA,R,C,78,12,27,39,27,32,0.5,9,29,3,10,0,0,0,1,181,6.6,15:11,50,FLA,775000,3000000
Evander Kane,20232024,EDM,L,L,75,23,18,41,-4,83,0.55,20,33,2,7,1,1,1,3,216,10.7,16:44,47.2,EDM,1500000,5125000
Evgeni Malkin,20232024,PIT,L,C,79,25,38,63,7,68,0.8,20,47,5,16,0,0,0,2,189,13.2,18:34,48.4,PIT,6000000,6100000
Evgenii Dadonov,20232024,DAL,L,R,50,12,11,23,-7,6,0.46,11,21,1,2,0,0,0,3,66,18.2,13:09,0,NA,NA,NA
Evgeny Kuznetsov,20232024,"WSH,CAR",L,C,60,8,16,24,-9,30,0.4,7,17,1,7,0,0,0,1,94,8.5,17:45,45.2,CAR,3000000,3900000
Fabian Zetterlund,20232024,SJS,R,L,79,22,20,42,-30,31,0.53,16,26,5,15,1,1,0,0,197,11.2,18:51,33.3,SJS,1400000,1450000
Filip Forsberg,20232024,NSH,R,L,79,43,46,89,15,43,1.13,33,60,10,29,0,0,3,10,331,13,18:59,50,NSH,10000000,8500000
Filip Hronek,20232024,VAN,R,D,79,5,43,48,34,38,0.61,3,37,2,11,0,0,0,0,146,3.4,23:31,--,VAN,5500000,4400000
Filip Zadina,20232024,SJS,L,R,72,13,10,23,-44,18,0.32,10,19,3,4,0,0,0,3,137,9.5,13:20,22.1,SJS,1100000,1100000
Frank Vatrano,20232024,ANA,L,R,79,33,23,56,-21,81,0.71,19,34,12,19,2,3,2,7,266,12.4,18:24,34.6,ANA,3650000,3650000
Frederick Gaudreau,20232024,MIN,R,C,65,5,10,15,-21,12,0.23,3,8,2,7,0,0,0,1,102,4.9,14:02,50.1,NA,NA,NA
Gabriel Vilardi,20232024,WPG,R,C,44,20,14,34,9,10,0.77,12,21,8,13,0,0,0,5,113,17.7,17:01,45.6,WPG,3275000,3437500
Garnet Hathaway,20232024,PHI,R,R,80,7,10,17,-6,132,0.21,6,14,0,0,1,3,0,1,102,6.9,12:23,66.7,PHI,1700000,2375000
Gustav Forsling,20232024,FLA,L,D,77,10,28,38,51,41,0.49,9,36,1,2,0,0,1,1,157,6.4,22:02,--,FLA,3500000,2666667
Gustav Nyquist,20232024,NSH,L,C,79,22,50,72,8,8,0.91,16,48,5,22,1,2,0,4,149,14.8,17:47,37.8,NSH,3185000,3185000
Hampus Lindholm,20232024,BOS,L,D,70,3,23,26,17,63,0.37,2,21,1,5,0,0,0,0,98,3.1,23:20,--,BOS,6000000,6500000
Hendrix Lapierre,20232024,WSH,L,C,48,8,13,21,0,4,0.44,8,19,0,2,0,0,0,1,50,16,11:29,37.6,WSH,832500,863333
Henri Jokiharju,20232024,BUF,R,D,72,3,16,19,12,24,0.26,3,18,0,0,0,1,1,1,83,3.6,18:56,--,BUF,2600000,2500000
Ilya Mikheyev,20232024,VAN,L,R,75,11,19,30,1,4,0.4,11,30,0,0,0,0,0,1,139,7.9,14:18,32,VAN,5350000,4750000
Ivan Barbashev,20232024,VGK,L,C,78,18,26,44,15,42,0.56,15,39,3,5,0,0,0,3,114,15.8,16:06,42.5,VEG,3000000,5000000
Ivan Provorov,20232024,CBJ,L,D,80,5,26,31,-10,20,0.39,5,24,0,7,0,0,0,0,106,4.7,22:10,--,CBJ,3850000,4725000
J.J. Moser,20232024,ARI,L,D,77,5,21,26,-3,31,0.34,5,21,0,3,0,2,0,0,73,6.9,20:37,--,ARI,832500,886667
J.T. Compher,20232024,DET,R,L,74,17,27,44,-5,34,0.59,10,33,5,9,2,2,0,0,103,16.5,19:26,44.5,DET,5500000,5100000
J.T. Miller,20232024,VAN,L,C,79,36,65,101,30,56,1.28,24,59,10,40,2,2,2,9,188,19.2,19:33,56.5,VAN,1000000,8000000
Jaccob Slavin,20232024,CAR,L,D,79,5,30,35,17,8,0.44,3,32,0,0,2,3,0,0,146,3.4,20:55,--,CAR,5500000,5300000
Jack Drury,20232024,CAR,L,C,71,8,19,27,7,33,0.38,6,20,2,7,0,0,0,0,101,7.9,12:09,55.4,CAR,832500,925000
Jack Eichel,20232024,VGK,R,C,59,29,34,63,5,27,1.07,20,43,9,19,0,1,2,6,259,11.2,20:34,44.8,VEG,10000000,10000000
Jack Hughes,20232024,NJD,L,C,62,27,47,74,-12,12,1.19,18,43,9,31,0,0,2,4,274,9.9,20:58,37.2,NJD,8500000,8000000
Jack Johnson,20232024,COL,L,D,77,3,13,16,16,38,0.21,3,16,0,0,0,0,0,0,74,4.1,14:48,--,COL,775000,775000
Jack McBain,20232024,ARI,L,C,64,8,15,23,5,48,0.36,8,23,0,0,0,0,1,2,54,14.8,12:34,45.2,ARI,1599999,1599999
Jack Quinn,20232024,BUF,R,R,25,8,8,16,-2,8,0.64,8,14,0,2,0,0,0,2,46,17.4,15:35,33.3,BUF,832500,863333
Jack Roslovic,20232024,"CBJ,NYR",R,C,57,8,22,30,-11,16,0.53,7,25,0,4,1,1,1,2,111,7.2,15:41,42.4,NYR,2000000,2000000
Jackson LaCombe,20232024,ANA,L,D,68,1,13,14,-25,24,0.21,1,12,0,2,0,0,0,0,53,1.9,19:20,--,ANA,832500,925000
Jacob Bernard-Docker,20232024,OTT,R,D,69,4,10,14,-5,25,0.2,4,13,0,0,0,1,0,0,48,8.3,15:44,--,OTT,785000,805000
Jacob Trouba,20232024,NYR,R,D,67,3,19,22,-5,73,0.33,3,20,0,1,0,1,0,0,123,2.4,21:17,--,NYR,8000000,8000000
Jaden Schwartz,20232024,SEA,L,C,58,13,17,30,-11,22,0.52,6,20,7,10,0,0,0,0,113,11.5,16:27,58,SEA,7000000,5500000
Jake DeBrusk,20232024,BOS,L,L,77,18,21,39,7,18,0.51,14,27,2,10,2,2,1,3,175,10.3,16:52,30.4,BOS,4000000,4000000
Jake Evans,20232024,MTL,R,C,79,7,18,25,-3,24,0.32,6,24,0,0,1,1,0,1,79,8.9,15:58,51.9,MTL,1700000,1700000
Jake Guentzel,20232024,"PIT,CAR",L,C,65,28,46,74,21,20,1.14,23,52,5,22,0,0,0,2,233,12,20:07,23.8,CAR,4500000,4500000
Jake McCabe,20232024,TOR,L,D,71,8,20,28,19,54,0.39,7,25,1,2,0,1,1,3,73,11,20:44,--,TOR,2000000,2000000
Jake Middleton,20232024,MIN,L,D,76,7,15,22,-16,77,0.29,7,21,0,0,0,1,0,1,83,8.4,19:52,--,NA,NA,NA
Jake Neighbours,20232024,STL,L,L,77,27,11,38,-16,21,0.49,19,24,8,14,0,0,0,4,145,18.6,15:42,37.9,STL,832500,835833
Jake Sanderson,20232024,OTT,L,D,76,10,25,35,9,23,0.46,7,23,3,12,0,0,1,3,157,6.4,23:08,100,OTT,832500,925000
Jake Walman,20232024,DET,L,D,63,12,9,21,-2,44,0.33,11,16,1,4,0,1,2,3,108,11.1,19:46,--,DET,3500000,3400000
Jakob Chychrun,20232024,OTT,L,D,79,13,27,40,-27,60,0.51,6,24,7,16,0,0,0,1,198,6.6,22:29,--,OTT,4400000,4600000
Jakob Silfverberg,20232024,ANA,R,R,78,7,12,19,4,22,0.24,5,13,1,4,1,2,0,1,99,7.1,13:03,34,ANA,5250000,5250000
Jalen Chatfield,20232024,CAR,R,D,70,8,14,22,14,20,0.31,8,22,0,0,0,0,0,2,89,9,15:07,--,CAR,775000,762500
James van Riemsdyk,20232024,BOS,L,L,70,11,27,38,7,20,0.54,5,26,6,12,0,0,0,3,140,7.9,13:30,47.6,BOS,1000000,1000000
Jamie Benn,20232024,DAL,L,L,80,21,38,59,8,41,0.74,13,35,7,21,1,3,0,3,159,13.2,15:06,61,DAL,1000000,9500000
Jamie Oleksiak,20232024,SEA,L,D,78,2,12,14,-4,37,0.18,2,13,0,0,0,1,0,0,106,1.9,19:42,--,SEA,6000000,4600000
Jan Rutta,20232024,SJS,R,D,68,4,14,18,-19,38,0.26,4,16,0,0,0,2,0,1,67,6,19:43,--,SJS,2500000,2750000
Jared McCann,20232024,SEA,L,L,76,28,32,60,-8,27,0.79,17,35,9,23,2,2,1,3,204,13.7,16:43,49,SEA,6000000,5000000
Jason Dickinson,20232024,CHI,L,C,78,21,13,34,5,43,0.44,19,32,2,2,0,0,0,4,121,17.4,16:34,50.4,CHI,3250000,2650000
Jason Robertson,20232024,DAL,L,L,80,28,50,78,18,22,0.98,20,51,8,27,0,0,0,3,224,12.5,18:19,--,DAL,8000000,7750000
Jason Zucker,20232024,"ARI,NSH",L,L,66,13,18,31,-11,67,0.47,9,22,4,9,0,0,0,0,145,9,13:51,39.4,NSH,5300000,5300000
Jean-Gabriel Pageau,20232024,NYI,R,C,79,10,22,32,-8,13,0.41,8,24,1,2,1,6,1,2,96,10.4,16:02,55.7,NYI,4500000,5000000
Jeff Carter,20232024,PIT,R,C,69,10,4,14,-6,12,0.2,5,9,3,3,2,2,0,4,82,12.2,12:32,62.2,PIT,3000000,3125000
Jeff Petry,20232024,DET,R,D,70,3,20,23,-6,39,0.33,3,22,0,0,0,1,0,0,80,3.8,18:49,--,DET,1687500,2343750
Jeff Skinner,20232024,BUF,L,L,72,24,22,46,-2,34,0.64,16,34,8,12,0,0,1,3,206,11.7,16:05,41.9,BUF,10000000,9000000
Jeremy Lauzon,20232024,NSH,L,D,76,6,8,14,-2,96,0.18,6,14,0,0,0,0,0,0,98,6.1,18:29,--,NSH,2000000,2000000
Jesper Boqvist,20232024,BOS,L,C,44,6,8,14,12,6,0.32,6,14,0,0,0,0,1,1,47,12.8,10:59,35.6,BOS,775000,775000
Jesper Bratt,20232024,NJD,L,L,80,27,55,82,-6,12,1.03,20,54,7,27,0,1,0,7,246,11,19:14,36.4,NJD,5000000,7875000
Jesper Fast,20232024,CAR,R,R,70,6,13,19,1,16,0.27,6,19,0,0,0,0,0,0,71,8.5,12:44,43.8,CAR,2400000,2400000
Jesperi Kotkaniemi,20232024,CAR,L,C,76,11,14,25,-5,36,0.33,10,22,1,2,0,1,0,0,121,9.1,12:54,50.8,CAR,4500000,4820000
Jimmy Vesey,20232024,NYR,L,L,78,13,13,26,-2,20,0.33,13,26,0,0,0,0,0,4,111,11.7,12:25,39.1,NYR,800000,800000
JJ Peterka,20232024,BUF,L,R,80,28,22,50,12,28,0.63,25,43,3,7,0,0,0,5,219,12.8,16:15,20,NA,NA,NA
Joe Pavelski,20232024,DAL,R,C,80,27,39,66,12,20,0.83,16,45,11,21,0,0,1,4,190,14.2,16:47,50.7,DAL,3500000,3500000
Joe Veleno,20232024,DET,L,C,77,11,16,27,-16,23,0.35,8,21,3,5,0,1,0,1,84,13.1,14:02,48.3,NA,NA,NA
Joel Armia,20232024,MTL,R,R,63,17,7,24,4,30,0.38,15,22,0,0,2,2,0,3,133,12.8,15:27,31.3,MTL,4800000,3400000
Joel Eriksson Ek,20232024,MIN,L,C,73,30,32,62,18,54,0.85,17,41,12,20,1,1,0,5,259,11.6,20:40,49.7,MIN,6000000,5250000
Joel Farabee,20232024,PHI,L,L,80,22,28,50,-14,37,0.63,20,43,2,7,0,0,1,2,181,12.2,16:15,37.5,PHI,2250000,5000000
Joey Anderson,20232024,CHI,R,R,51,4,12,16,6,8,0.31,4,16,0,0,0,0,0,0,53,7.6,13:36,0,CHI,800000,800000
John Carlson,20232024,WSH,R,D,79,8,42,50,-10,40,0.63,3,30,5,20,0,0,0,3,163,4.9,25:47,--,WSH,4000000,8000000
John Marino,20232024,NJD,R,D,73,4,21,25,-7,41,0.34,4,25,0,0,0,0,0,1,56,7.1,20:55,--,NJD,5250000,4400000
John Tavares,20232024,TOR,L,C,77,26,36,62,3,26,0.81,18,43,8,19,0,0,1,6,269,9.7,17:54,60,TOR,910000,11000000
Johnny Gaudreau,20232024,CBJ,L,L,79,11,48,59,-30,22,0.75,10,41,1,18,0,0,1,2,155,7.1,18:55,0,CBJ,7750000,9750000
Jonas Brodin,20232024,MIN,L,D,58,7,17,24,20,16,0.41,7,23,0,1,0,0,0,1,109,6.4,23:33,--,MIN,8000000,6000000
Jonathan Drouin,20232024,COL,L,L,76,19,37,56,13,28,0.74,14,37,5,19,0,0,1,2,122,15.6,18:11,50,COL,825000,825000
Jonathan Huberdeau,20232024,CGY,L,C,77,12,38,50,-28,45,0.65,8,32,4,18,0,0,0,2,134,9,17:26,48.3,CGY,3500000,10500000
Jonathan Marchessault,20232024,VGK,R,R,78,41,26,67,1,40,0.86,34,52,7,15,0,0,2,5,253,16.2,17:50,26.1,VEG,3500000,5000000
Jonny Brodzinski,20232024,NYR,R,C,57,6,13,19,-3,8,0.33,5,17,1,2,0,0,0,2,89,6.7,11:08,50.2,NYR,775000,762500
Jordan Eberle,20232024,SEA,R,R,74,17,27,44,3,15,0.59,11,32,6,12,0,0,1,3,163,10.4,17:25,43.1,SEA,3750000,5500000
Jordan Greenway,20232024,BUF,L,L,65,9,17,26,10,62,0.4,8,23,1,3,0,0,0,0,104,8.7,17:14,29.1,BUF,3500000,3000000
Jordan Harris,20232024,MTL,L,D,54,3,11,14,-4,22,0.26,3,14,0,0,0,0,0,0,42,7.1,17:28,--,MTL,1400000,1400000
Jordan Kyrou,20232024,STL,R,C,79,29,36,65,-10,22,0.82,22,45,7,20,0,0,0,3,243,11.9,18:26,33.3,STL,9000000,8125000
Jordan Martinook,20232024,CAR,L,L,79,13,17,30,-1,34,0.38,12,29,0,0,1,1,0,1,145,9,14:38,51.8,CAR,2700000,1800000
Jordan Spence,20232024,LAK,R,D,68,2,21,23,7,12,0.34,1,18,1,5,0,0,0,0,78,2.6,14:25,--,LAK,775000,820000
Jordan Staal,20232024,CAR,L,C,79,9,20,29,-15,44,0.37,8,24,0,1,1,4,0,3,118,7.6,15:23,58.3,CAR,3450000,2900000
Josh Anderson,20232024,MTL,R,R,75,9,10,19,-19,72,0.25,9,17,0,2,0,0,0,0,136,6.6,15:29,48.4,MTL,8000000,5500000
Josh Manson,20232024,COL,R,D,73,7,16,23,12,81,0.32,6,21,0,0,1,2,0,0,120,5.8,17:41,0,COL,5000000,4500000
Josh Morrissey,20232024,WPG,L,D,79,9,55,64,30,44,0.81,8,47,1,17,0,0,0,1,194,4.6,24:13,--,NA,NA,NA
Josh Norris,20232024,OTT,L,C,50,16,14,30,-6,22,0.6,11,17,5,12,0,1,0,3,115,13.9,17:38,52.2,NA,NA,NA
Juraj Slafkovsky,20232024,MTL,L,L,79,19,29,48,-19,55,0.61,13,34,6,14,0,0,0,2,147,12.9,17:50,50,MTL,855000,950000
Justin Bailey,20232024,SJS,R,R,58,5,9,14,-15,6,0.24,5,13,0,1,0,0,0,0,68,7.4,11:16,35.3,SJS,775000,775000
Justin Danforth,20232024,CBJ,R,R,69,10,12,22,-15,26,0.32,10,22,0,0,0,0,0,1,82,12.2,14:16,47.9,CBJ,975000,975000
Justin Faulk,20232024,STL,R,D,60,2,28,30,-2,39,0.5,1,22,1,7,0,1,0,1,132,1.5,21:58,--,STL,7900000,6500000
Justin Schultz,20232024,SEA,R,D,66,7,18,25,-18,22,0.38,7,16,0,9,0,0,1,2,96,7.3,16:26,--,SEA,3000000,3000000
Juuso Valimaki,20232024,ARI,L,D,65,2,14,16,12,12,0.25,2,12,0,4,0,0,0,0,67,3,18:55,--,NA,NA,NA
K'Andre Miller,20232024,NYR,L,D,78,8,22,30,3,49,0.38,8,28,0,1,0,1,1,3,94,8.5,21:34,--,NYR,2748000,3872000
Kaapo Kakko,20232024,NYR,L,R,59,13,6,19,6,18,0.32,12,18,1,1,0,0,0,2,88,14.8,13:17,54.6,NYR,2400000,2100000
Kaiden Guhle,20232024,MTL,L,D,70,6,16,22,-8,56,0.31,6,22,0,0,0,0,1,1,95,6.3,20:51,--,MTL,832500,863333
Kailer Yamamoto,20232024,SEA,R,R,56,7,8,15,-7,16,0.27,5,9,2,6,0,0,0,2,56,12.5,11:55,37.7,SEA,1500000,1500000
Kasperi Kapanen,20232024,STL,R,R,70,5,16,21,-4,14,0.3,4,19,0,0,1,2,0,1,92,5.4,14:23,34.2,STL,3200000,3200000
Keegan Kolesar,20232024,VGK,R,R,75,7,9,16,-8,49,0.21,6,14,0,0,1,2,0,2,70,10,10:54,35.7,VEG,1400000,1400000
Kent Johnson,20232024,CBJ,L,C,42,6,10,16,-2,10,0.38,6,16,0,0,0,0,1,1,62,9.7,13:33,40,NA,NA,NA
Kevin Fiala,20232024,LAK,L,L,79,28,43,71,1,62,0.9,17,41,11,30,0,0,1,2,214,13.1,18:00,27,LAK,4875000,7875000
Kevin Hayes,20232024,STL,L,R,77,13,16,29,0,12,0.38,13,24,0,5,0,0,0,2,149,8.7,14:29,57.5,STL,3250000,3571429
Kevin Korchinski,20232024,CHI,L,D,72,5,9,14,-37,20,0.19,5,8,0,6,0,0,1,2,92,5.4,19:38,--,CHI,855000,918333
Kevin Shattenkirk,20232024,BOS,R,D,58,5,17,22,-1,16,0.38,3,12,2,10,0,0,0,0,74,6.8,15:42,--,BOS,1050000,1050000
Kevin Stenlund,20232024,FLA,R,C,79,10,4,14,-10,62,0.18,9,13,0,0,1,1,0,3,78,12.8,12:38,51.3,FLA,1000000,1000000
Kiefer Sherwood,20232024,NSH,R,L,65,9,17,26,17,41,0.4,9,26,0,0,0,0,0,1,104,8.7,12:07,46.7,NSH,775000,775000
Kirill Kaprizov,20232024,MIN,L,L,71,42,48,90,10,34,1.27,25,51,17,39,0,0,2,8,255,16.5,21:30,0,MIN,12500000,9000000
Kirill Marchenko,20232024,CBJ,R,R,76,23,18,41,-5,12,0.54,14,28,9,13,0,0,0,1,189,12.2,16:27,32.5,CBJ,832500,925000
Klim Kostin,20232024,"DET,SJS",L,C,49,8,6,14,-10,53,0.29,8,13,0,1,0,0,0,0,42,19.1,10:38,36.8,SJS,1800000,2000000
Kris Letang,20232024,PIT,R,D,79,10,40,50,16,62,0.63,10,44,0,5,0,1,0,2,158,6.3,24:41,--,PIT,8000000,6100000
Kyle Connor,20232024,WPG,L,L,63,32,25,57,-8,6,0.9,27,39,5,18,0,0,3,10,217,14.8,19:43,28.6,WPG,7500000,7142857
Kyle Okposo,20232024,"BUF,FLA",R,R,66,12,10,22,1,34,0.33,9,17,2,4,1,1,0,0,113,10.6,13:26,47.8,FLA,2500000,2500000
Kyle Palmieri,20232024,NYI,R,C,79,28,21,49,-19,26,0.62,20,31,8,18,0,0,1,7,204,13.7,17:08,39.4,NYI,5000000,5000000
Lars Eller,20232024,PIT,L,C,79,15,14,29,0,32,0.37,10,23,4,5,1,1,0,0,150,10,15:57,52.4,PIT,1450000,2450000
Lawson Crouse,20232024,ARI,L,L,78,22,19,41,-2,36,0.53,15,30,7,10,0,1,0,1,169,13,16:53,30.3,ARI,4600000,4300000
Leo Carlsson,20232024,ANA,L,C,52,12,16,28,-10,16,0.54,8,19,4,9,0,0,0,0,105,11.4,18:05,34.6,ANA,855000,950000
Leon Draisaitl,20232024,EDM,L,C,77,41,63,104,27,76,1.35,20,63,21,39,0,2,2,7,210,19.5,20:45,56.8,EDM,8000000,8500000
Logan Cooley,20232024,ARI,L,C,79,19,24,43,-9,18,0.54,15,29,3,13,1,1,1,2,145,13.1,15:48,38.7,ARI,855000,950000
Logan O'Connor,20232024,COL,R,R,57,13,12,25,13,34,0.44,10,22,0,0,3,3,0,4,85,15.3,14:57,45.3,NA,NA,NA
Logan Stankoven,20232024,DAL,R,C,22,6,8,14,10,4,0.64,5,12,1,2,0,0,0,0,48,12.5,14:44,62.5,DAL,775000,814167
Lucas Raymond,20232024,DET,R,L,79,29,39,68,-16,28,0.86,23,52,6,16,0,0,2,3,152,19.1,17:39,40,DET,832500,925000
Lukas Reichel,20232024,CHI,L,L,61,4,10,14,-30,12,0.23,2,12,2,2,0,0,0,0,78,5.1,14:10,43.4,CHI,832500,925000
Luke Evangelista,20232024,NSH,R,R,77,16,19,35,0,18,0.45,13,27,3,8,0,0,0,1,162,9.9,13:53,25,NSH,775000,797500
Luke Hughes,20232024,NJD,L,D,80,9,38,47,-25,28,0.59,5,22,4,25,0,0,1,1,132,6.8,21:24,--,NJD,832500,925000
Luke Kunin,20232024,SJS,R,C,74,11,7,18,-26,81,0.24,9,13,2,5,0,0,0,1,96,11.5,15:41,45,SJS,3000000,2750000
MacKenzie Weegar,20232024,CGY,R,D,78,19,29,48,0,51,0.62,16,33,3,13,0,2,1,2,197,9.6,22:51,--,CGY,4250000,6250000
Marco Rossi,20232024,MIN,L,C,78,21,17,38,-2,45,0.49,19,33,2,5,0,0,1,2,161,13,16:41,44.4,MIN,832500,863333
Marcus Foligno,20232024,MIN,L,L,55,10,12,22,10,59,0.4,10,21,0,0,0,1,0,3,56,17.9,14:29,38.9,MIN,4100000,3100000
Marcus Johansson,20232024,MIN,L,L,74,10,18,28,-13,18,0.38,9,23,1,5,0,0,0,0,105,9.5,15:54,18.8,MIN,2000000,2000000
Marcus Pettersson,20232024,PIT,L,D,79,4,24,28,27,42,0.35,4,28,0,0,0,0,1,1,104,3.9,22:41,--,PIT,4025175,4025175
Mario Ferraro,20232024,SJS,L,D,75,2,17,19,-35,36,0.25,2,19,0,0,0,0,0,0,119,1.7,22:56,--,SJS,3250000,3250000
Mark Jankowski,20232024,NSH,L,C,29,7,7,14,9,6,0.48,6,12,0,1,1,1,0,1,47,14.9,12:26,50.3,NSH,775000,775000
Mark Scheifele,20232024,WPG,R,C,72,25,45,70,18,57,0.97,19,52,6,18,0,0,1,4,151,16.6,20:10,48.2,WPG,6000000,6125000
Mark Stone,20232024,VGK,R,R,56,16,37,53,1,22,0.95,10,35,4,14,2,4,1,5,117,13.7,19:24,0,NA,NA,NA
Martin Fehervary,20232024,WSH,L,D,63,3,13,16,-10,24,0.25,3,15,0,0,0,1,0,0,58,5.2,19:18,--,NA,NA,NA
Martin Necas,20232024,CAR,R,C,74,24,29,53,-6,42,0.72,16,40,8,13,0,0,2,3,217,11.1,17:23,34.8,NA,NA,NA
Martin Pospisil,20232024,CGY,L,C,59,8,12,20,10,99,0.34,8,20,0,0,0,0,0,1,104,7.7,12:39,45.7,CGY,775000,775000
Mason Appleton,20232024,WPG,R,C,79,14,21,35,13,26,0.44,11,31,2,2,1,2,0,2,118,11.9,16:03,50,WPG,2250000,2166667
Mason Marchment,20232024,DAL,L,L,79,21,31,52,21,54,0.66,15,41,6,11,0,0,0,3,143,14.7,15:03,44.4,DAL,4800000,4500000
Mason McTavish,20232024,ANA,L,C,64,19,23,42,-23,86,0.66,14,32,4,8,1,2,1,3,130,14.6,16:17,51.7,ANA,832500,894167
Mathew Barzal,20232024,NYI,R,C,78,23,57,80,-2,34,1.03,18,55,5,25,0,0,2,4,234,9.8,20:06,43,NYI,9150000,9150000
Mathieu Joseph,20232024,OTT,L,R,69,11,24,35,-4,51,0.51,10,33,0,0,1,2,0,3,117,9.4,16:23,34.4,OTT,2700000,2950000
Matias Maccelli,20232024,ARI,L,L,79,14,39,53,-7,8,0.67,12,40,2,12,0,1,0,1,143,9.8,16:20,25,ARI,3000000,3425000
Mats Zuccarello,20232024,MIN,L,R,68,11,51,62,-5,28,0.91,6,29,5,33,0,0,0,1,171,6.4,18:49,38,MIN,3000000,6000000
Matt Boldy,20232024,MIN,L,L,71,27,36,63,5,48,0.89,18,41,9,22,0,0,1,7,212,12.7,18:53,41,NA,NA,NA
Matt Duchene,20232024,DAL,L,C,78,25,39,64,14,18,0.82,19,48,6,16,0,0,2,7,169,14.8,16:46,56.7,DAL,3000000,3000000
Matt Roy,20232024,LAK,R,D,78,4,20,24,20,42,0.31,4,21,0,1,0,2,0,0,130,3.1,20:58,--,LAK,4200000,3150000
Matthew Knies,20232024,TOR,L,L,77,15,20,35,9,43,0.45,15,33,0,2,0,0,0,3,111,13.5,13:43,0,TOR,832500,925000
Matthew Poitras,20232024,BOS,R,C,33,5,10,15,4,6,0.45,5,14,0,1,0,0,0,1,40,12.5,13:24,43.7,NA,NA,NA
Matthew Tkachuk,20232024,FLA,L,L,78,26,59,85,15,86,1.09,19,52,6,32,1,1,0,2,265,9.8,18:36,33.3,FLA,1000000,9500000
Mattias Ekholm,20232024,EDM,L,D,75,11,33,44,43,43,0.59,8,40,2,3,1,1,0,3,167,6.6,21:03,--,EDM,6240000,6000000
Matty Beniers,20232024,SEA,L,C,73,14,22,36,-8,20,0.49,9,24,5,12,0,0,0,1,127,11,17:56,46.8,NA,NA,NA
Max Domi,20232024,TOR,L,C,79,9,38,47,12,116,0.59,8,45,1,2,0,0,0,1,136,6.6,13:45,49.9,TOR,3000000,3000000
Max Jones,20232024,ANA,L,L,52,5,10,15,-6,33,0.29,5,14,0,1,0,0,0,0,76,6.6,12:03,31.3,ANA,1500000,1295000
Max Pacioretty,20232024,WSH,L,L,44,4,18,22,-14,25,0.5,2,11,2,11,0,0,0,0,92,4.4,14:37,29.4,WSH,2000000,2000000
Michael Amadio,20232024,VGK,R,R,71,13,13,26,4,14,0.37,10,21,3,5,0,0,0,1,111,11.7,13:23,51.5,VEG,775000,762500
Michael Bunting,20232024,"CAR,PIT",L,L,78,18,32,50,-17,57,0.64,12,32,6,18,0,0,0,3,161,11.2,15:36,27.3,PIT,1500000,4500000
Michael Carcone,20232024,ARI,L,L,71,21,8,29,-3,33,0.41,19,26,1,2,1,1,0,4,107,19.6,11:17,25,ARI,775000,775000
Michael Eyssimont,20232024,TBL,L,C,78,11,13,24,7,99,0.31,9,20,2,4,0,0,0,2,143,7.7,11:53,41.7,TBL,800000,800000
Michael Kesselring,20232024,ARI,R,D,62,5,13,18,11,64,0.29,5,18,0,0,0,0,0,2,72,6.9,15:36,--,ARI,832500,925000
Michael McCarron,20232024,NSH,R,R,67,12,10,22,5,100,0.33,12,22,0,0,0,0,0,3,88,13.6,12:42,53,NSH,775000,775000
Michael McLeod,20232024,NJD,R,C,45,10,9,19,6,10,0.42,10,19,0,0,0,0,0,2,73,13.7,15:09,65,NA,NA,NA
Michael Rasmussen,20232024,DET,L,C,75,13,20,33,8,47,0.44,12,29,0,0,1,4,0,3,101,12.9,15:11,48.3,DET,1900000,1460000
Mika Zibanejad,20232024,NYR,R,C,79,26,44,70,12,30,0.89,12,35,12,31,2,4,2,3,210,12.4,19:43,49.5,NYR,1000000,8500000
Mikael Backlund,20232024,CGY,L,C,78,15,23,38,-3,24,0.49,12,33,2,3,1,2,0,2,204,7.4,19:19,50,CGY,5350000,5350000
Mikael Granlund,20232024,SJS,L,C,66,12,44,56,-20,32,0.85,11,33,1,22,0,1,1,1,129,9.3,21:00,47,SJS,6000000,5000000
Mike Hoffman,20232024,SJS,L,C,66,10,13,23,-21,20,0.35,7,17,3,6,0,0,0,1,71,14.1,13:44,37.5,SJS,5000000,4500000
Mike Matheson,20232024,MTL,L,D,79,10,50,60,-24,58,0.76,4,32,5,27,1,1,0,0,180,5.6,25:31,--,NA,NA,NA
Mike Reilly,20232024,"FLA,NYI",L,D,58,6,16,22,-2,26,0.38,5,18,0,3,1,1,0,1,122,4.9,17:04,--,NYI,1000000,1000000
Mikey Anderson,20232024,LAK,L,D,71,2,16,18,20,16,0.25,2,17,0,0,0,1,0,0,87,2.3,20:45,--,NA,NA,NA
Mikhail Sergachev,20232024,TBL,L,D,34,2,17,19,-16,16,0.56,2,12,0,7,0,0,0,0,53,3.8,22:33,--,NA,NA,NA
Mikko Rantanen,20232024,COL,L,R,77,40,62,102,20,50,1.32,26,62,14,40,0,0,0,8,259,15.4,23:04,53.9,COL,9500000,9250000
Miles Wood,20232024,COL,L,L,72,9,15,24,-7,75,0.33,8,23,0,0,1,1,0,1,166,5.4,13:40,32.5,COL,3250000,2500000
Miro Heiskanen,20232024,DAL,L,D,69,8,43,51,8,36,0.74,6,31,2,20,0,0,0,2,156,5.1,24:29,--,DAL,10000000,8450000
Mitch Marner,20232024,TOR,R,R,66,25,56,81,24,16,1.23,17,56,7,24,1,1,0,2,152,16.5,21:16,23.1,TOR,775000,10903000
Morgan Barron,20232024,WPG,L,C,78,11,7,18,10,23,0.23,11,17,0,1,0,0,0,3,91,12.1,10:33,47.2,WPG,1300000,1350000
Morgan Frost,20232024,PHI,L,C,69,13,28,41,4,22,0.59,10,30,3,11,0,0,0,1,132,9.9,15:58,49.3,PHI,1450000,2100000
Morgan Geekie,20232024,BOS,R,C,73,16,22,38,7,26,0.52,12,26,4,12,0,0,0,0,127,12.6,15:25,43.7,BOS,2000000,2000000
Morgan Rielly,20232024,TOR,L,D,70,7,48,55,13,27,0.79,6,38,1,17,0,0,0,0,172,4.1,23:45,--,TOR,5000000,7500000
Moritz Seider,20232024,DET,R,D,79,8,33,41,-10,51,0.52,5,23,3,17,0,1,0,0,129,6.2,22:13,--,DET,832500,863333
Nathan MacKinnon,20232024,COL,R,C,79,51,86,137,37,40,1.73,41,90,10,47,0,0,2,9,396,12.9,22:56,46.5,COL,775000,12600000
Nazem Kadri,20232024,CGY,L,C,78,26,42,68,-3,43,0.87,17,49,9,19,0,0,2,3,256,10.2,18:25,49,CGY,4500000,7000000
Neal Pionk,20232024,WPG,R,D,79,5,25,30,4,63,0.38,4,23,1,7,0,0,0,1,144,3.5,20:49,--,WPG,7500000,5875000
Nic Dowd,20232024,WSH,R,C,61,10,9,19,-5,42,0.31,10,19,0,0,0,0,0,2,57,17.5,15:15,47.7,WSH,1300000,1300000
Nicholas Paul,20232024,TBL,L,L,79,23,20,43,-17,25,0.54,14,29,9,14,0,0,0,2,146,15.8,17:11,53.8,NA,NA,NA
Nicholas Robertson,20232024,TOR,L,L,53,13,12,25,3,4,0.47,12,22,1,3,0,0,0,1,87,14.9,11:20,33.3,TOR,775000,796667
Nick Bjugstad,20232024,ARI,R,C,76,22,23,45,11,59,0.59,19,38,2,6,1,1,1,2,165,13.3,17:27,49.2,ARI,2100000,2100000
Nick Cousins,20232024,FLA,L,C,67,7,7,14,0,62,0.21,7,14,0,0,0,0,0,3,108,6.5,12:11,53.1,FLA,775000,1100000
Nick Foligno,20232024,CHI,L,L,70,17,20,37,-25,55,0.53,8,20,8,16,1,1,0,0,135,12.6,17:49,52.8,CHI,2000000,4000000
Nick Jensen,20232024,WSH,R,D,77,1,13,14,-9,10,0.18,1,14,0,0,0,0,0,0,70,1.4,19:48,--,WSH,3000000,4050000
Nick Leddy,20232024,STL,L,D,79,3,23,26,10,14,0.33,2,23,0,1,1,2,0,0,79,3.8,22:16,--,STL,4500000,4000000
Nick Perbix,20232024,TBL,R,D,74,2,22,24,8,10,0.32,2,24,0,0,0,0,1,1,54,3.7,17:04,--,NA,NA,NA
Nick Schmaltz,20232024,ARI,R,C,76,22,38,60,-18,10,0.79,11,38,10,21,1,1,1,3,152,14.5,19:06,41.9,ARI,7500000,5850000
Nick Suzuki,20232024,MTL,R,C,79,33,43,76,-13,34,0.96,21,45,12,31,0,0,1,1,180,18.3,21:13,52.1,MTL,10000000,7875000
Nico Hischier,20232024,NJD,L,C,69,27,39,66,-5,12,0.96,20,48,6,17,1,1,0,4,178,15.2,19:26,56.7,NJD,7750000,7250000
Nicolas Aube-Kubel,20232024,WSH,R,R,57,6,10,16,4,23,0.28,6,16,0,0,0,0,0,0,56,10.7,12:12,35.3,NA,NA,NA
Nicolas Roy,20232024,VGK,R,C,66,11,27,38,6,29,0.58,10,31,1,7,0,0,0,2,107,10.3,15:38,46.4,VEG,3500000,3000000
Nikita Kucherov,20232024,TBL,L,R,78,43,98,141,11,22,1.81,30,89,13,52,0,0,1,6,300,14.3,21:36,50,TBL,5000000,9500000
Nikita Zadorov,20232024,"CGY,VAN",L,D,72,6,13,19,0,121,0.26,6,18,0,0,0,1,0,1,86,7,17:25,--,VAN,3750000,3750000
Niko Mikkola,20232024,FLA,L,D,80,3,14,17,10,65,0.21,3,16,0,0,0,1,0,0,91,3.3,20:03,--,FLA,2500000,2500000
Nikolaj Ehlers,20232024,WPG,L,L,79,24,33,57,26,29,0.72,24,51,0,6,0,0,1,7,224,10.7,15:52,26.7,WPG,6500000,6000000
Nils Hoglander,20232024,VAN,L,L,77,23,12,35,22,47,0.45,23,35,0,0,0,0,0,4,117,19.7,12:02,--,NA,NA,NA
Nils Lundkvist,20232024,DAL,R,D,57,2,17,19,14,16,0.33,2,17,0,2,0,0,0,0,72,2.8,14:20,--,DAL,832500,925000
Nino Niederreiter,20232024,WPG,L,R,75,18,15,33,12,34,0.44,15,29,3,4,0,0,0,3,169,10.7,14:59,49.1,WPG,4000000,4000000
Noah Cates,20232024,PHI,L,L,57,6,12,18,-8,0,0.32,6,16,0,0,0,2,0,1,77,7.8,13:42,44.4,PHI,2625000,2625000
Noah Dobson,20232024,NYI,R,D,79,10,60,70,12,36,0.89,9,45,1,24,0,1,0,4,174,5.8,24:31,--,NYI,4000000,4000000
Noah Hanifin,20232024,"CGY,VGK",L,D,77,13,31,44,20,24,0.57,8,31,5,11,0,2,0,2,160,8.1,23:37,--,VEG,1237500,1237500
Oliver Bjorkstrand,20232024,SEA,R,R,78,20,37,57,-19,10,0.73,12,33,8,24,0,0,0,3,183,10.9,16:14,34.6,SEA,5350000,5400000
Oliver Ekman-Larsson,20232024,FLA,L,D,79,9,23,32,10,76,0.41,8,21,1,11,0,0,1,3,122,7.4,18:35,--,FLA,775000,2250000
Olli Maatta,20232024,DET,L,D,69,4,13,17,16,14,0.25,4,17,0,0,0,0,0,0,47,8.5,16:00,--,NA,NA,NA
Ondrej Palat,20232024,NJD,L,L,69,11,20,31,-7,37,0.45,10,26,1,5,0,0,0,0,105,10.5,15:39,18.8,NA,NA,NA
Oskar Sundqvist,20232024,STL,R,C,71,6,15,21,-6,32,0.3,2,13,3,5,1,3,0,0,68,8.8,13:15,41.9,STL,775000,775000
Owen Power,20232024,BUF,L,D,74,6,26,32,7,28,0.43,6,26,0,5,0,1,0,1,105,5.7,22:54,--,BUF,832500,916667
Owen Tippett,20232024,PHI,R,R,76,28,25,53,-4,12,0.7,23,45,5,8,0,0,1,4,283,9.9,16:34,42.2,PHI,1750000,1500000
Parker Kelly,20232024,OTT,L,L,77,8,10,18,-6,30,0.23,6,15,0,0,2,3,0,0,83,9.6,11:35,23.3,OTT,775000,762500
Patrick Kane,20232024,DET,L,R,47,20,24,44,-5,8,0.94,18,30,2,14,0,0,3,7,140,14.3,18:18,--,DET,2750000,2750000
Patrick Maroon,20232024,MIN,L,L,49,4,12,16,-11,60,0.33,4,15,0,1,0,0,0,0,54,7.4,12:46,37.5,NA,NA,NA
Paul Cotter,20232024,VGK,L,C,72,7,17,24,-10,41,0.33,5,20,2,4,0,0,0,0,98,7.1,12:47,48.9,VEG,775000,775000
Pavel Buchnevich,20232024,STL,L,L,77,27,35,62,4,48,0.81,17,42,8,17,2,3,2,5,202,13.4,19:56,36.6,STL,6900000,5800000
Pavel Dorofeyev,20232024,VGK,L,L,43,12,8,20,6,8,0.47,12,20,0,0,0,0,0,1,88,13.6,13:05,50,VEG,825000,825000
Pavel Mintyukov,20232024,ANA,L,D,63,4,24,28,-20,24,0.44,4,20,0,7,0,1,0,0,88,4.6,18:51,--,ANA,855000,918333
Pavel Zacha,20232024,BOS,L,C,75,19,37,56,13,18,0.75,14,42,5,14,0,0,1,6,138,13.8,18:08,54.8,BOS,5750000,4750000
Peyton Krebs,20232024,BUF,L,C,78,4,13,17,3,65,0.22,4,17,0,0,0,0,0,2,72,5.6,12:32,46.3,BUF,832500,863333
Philip Tomasino,20232024,NSH,R,C,41,7,13,20,-6,25,0.49,7,16,0,4,0,0,0,2,62,11.3,12:34,15.8,NA,NA,NA
Philipp Kurashev,20232024,CHI,L,C,71,17,35,52,-40,21,0.73,12,34,5,18,0,0,1,3,126,13.5,19:04,46.5,CHI,2250000,2250000
Phillip Danault,20232024,LAK,L,C,75,17,27,44,11,18,0.59,14,34,3,8,0,2,0,2,155,11,18:00,51.3,LAK,3750000,5500000
Pierre Engvall,20232024,NYI,L,L,72,10,16,26,2,18,0.36,8,19,2,7,0,0,0,1,126,7.9,15:19,44.2,NYI,3000000,3000000
Pierre-Luc Dubois,20232024,LAK,L,C,79,15,24,39,-9,70,0.49,9,32,6,7,0,0,0,4,143,10.5,15:40,49.1,LAK,1000000,8500000
Pius Suter,20232024,VAN,L,C,64,13,14,27,15,16,0.42,11,22,2,5,0,0,0,2,98,13.3,15:37,49.3,VAN,1600000,1600000
Pontus Holmberg,20232024,TOR,L,R,51,6,10,16,10,18,0.31,6,16,0,0,0,0,0,1,51,11.8,11:28,47.8,TOR,775000,800000
Quinn Hughes,20232024,VAN,L,D,79,17,74,91,40,38,1.15,12,54,5,37,0,0,1,2,195,8.7,24:45,--,VAN,8600000,7850000
Quinton Byfield,20232024,LAK,L,R,77,19,34,53,19,42,0.69,14,41,5,12,0,0,0,4,150,12.7,16:31,46.1,LAK,832500,894167
Radek Faksa,20232024,DAL,L,C,72,7,12,19,1,16,0.26,5,15,0,0,2,4,0,2,66,10.6,12:32,54.5,DAL,4000000,3250000
Radko Gudas,20232024,ANA,R,D,63,6,11,17,12,126,0.27,6,16,0,0,0,1,0,0,85,7.1,19:24,--,ANA,4000000,4000000
Rasmus Andersson,20232024,CGY,R,D,74,9,27,36,-11,41,0.49,8,27,0,8,1,1,1,3,156,5.8,23:53,--,CGY,4550000,4550000
Rasmus Dahlin,20232024,BUF,L,D,79,20,38,58,-2,64,0.73,14,38,6,20,0,0,1,2,231,8.7,25:29,--,BUF,7200000,6000000
Rasmus Sandin,20232024,WSH,L,D,68,3,20,23,-13,24,0.34,3,18,0,5,0,0,0,1,79,3.8,21:07,--,WSH,1600000,1400000
Reilly Smith,20232024,PIT,L,R,73,12,27,39,6,16,0.53,11,31,1,8,0,0,0,2,145,8.3,16:11,31.3,PIT,5250000,5000000
Rickard Rakell,20232024,PIT,R,R,67,14,21,35,5,22,0.52,10,29,4,6,0,0,0,2,161,8.7,16:36,25,PIT,6000000,5000000
Ridly Greig,20232024,OTT,L,C,69,13,13,26,11,66,0.38,10,23,2,2,1,1,0,1,91,14.3,14:34,42.9,OTT,832500,863333
Robby Fabbri,20232024,DET,L,C,65,18,13,31,-12,32,0.48,13,20,5,11,0,0,0,3,93,19.4,12:48,58.3,DET,4250000,4000000
Robert Thomas,20232024,STL,R,C,79,25,58,83,9,44,1.05,16,54,8,26,1,3,0,3,164,15.2,21:00,53.2,STL,9000000,8125000
Roman Josi,20232024,NSH,L,D,79,21,59,80,11,43,1.01,13,49,8,30,0,1,2,5,258,8.1,24:45,--,NSH,5000000,9059000
Roope Hintz,20232024,DAL,L,C,78,30,35,65,26,22,0.83,19,42,8,19,3,4,2,6,178,16.9,17:13,55.9,DAL,7500000,8450000
Ross Colton,20232024,COL,L,C,77,16,22,38,-10,59,0.49,13,33,3,5,0,0,0,2,141,11.4,13:48,51.8,COL,4100000,4000000
Ryan Donato,20232024,CHI,L,C,74,11,16,27,-16,26,0.36,10,25,1,2,0,0,0,0,144,7.6,14:03,44.7,CHI,2000000,2000000
Ryan Graves,20232024,PIT,L,D,70,3,11,14,10,30,0.2,3,14,0,0,0,0,0,1,77,3.9,18:23,--,NA,NA,NA
Ryan Hartman,20232024,MIN,R,R,70,19,23,42,5,72,0.6,14,33,5,9,0,0,0,2,162,11.7,16:25,47.2,MIN,2000000,1700000
Ryan Johansen,20232024,COL,R,C,63,13,10,23,-6,34,0.37,9,16,4,6,0,1,0,4,78,16.7,13:39,53.1,PHI,4000000,4000000
Ryan Lindgren,20232024,NYR,L,D,74,3,13,16,21,32,0.22,3,16,0,0,0,0,0,1,72,4.2,19:21,--,NYR,4000000,3000000
Ryan McDonagh,20232024,NSH,L,D,72,3,26,29,16,31,0.4,3,25,0,4,0,0,1,1,88,3.4,21:44,--,NSH,8400000,6750000
Ryan McLeod,20232024,EDM,L,C,76,12,18,30,14,10,0.39,12,27,0,1,0,2,0,3,98,12.2,14:14,49.9,EDM,2100000,2100000
Ryan Nugent-Hopkins,20232024,EDM,L,C,76,18,48,66,9,36,0.87,14,37,4,26,0,3,0,3,170,10.6,19:42,48,EDM,6250000,5125000
Ryan O'Reilly,20232024,NSH,L,C,79,26,40,66,7,18,0.84,12,40,14,26,0,0,0,1,178,14.6,19:50,54.1,NSH,5000000,4500000
Ryan Poehling,20232024,PHI,L,C,75,11,17,28,-10,6,0.37,7,22,1,2,3,4,0,1,106,10.4,14:53,49.3,PHI,1400000,1400000
Ryan Pulock,20232024,NYI,R,D,55,5,13,18,4,12,0.33,3,13,2,5,0,0,0,1,87,5.8,22:31,--,NYI,6150000,6150000
Ryan Strome,20232024,ANA,R,C,76,11,28,39,-20,84,0.51,9,25,2,14,0,0,0,0,127,8.7,15:51,45.9,ANA,5000000,5000000
Ryan Suter,20232024,DAL,L,D,80,2,15,17,15,28,0.21,2,16,0,0,0,1,0,1,100,2,18:58,--,DAL,4300000,3650000
Sam Bennett,20232024,FLA,L,C,67,19,20,39,15,98,0.58,14,27,5,12,0,0,0,2,164,11.6,16:36,45.3,FLA,6350000,4425000
Sam Carrick,20232024,"ANA,EDM",R,C,73,9,6,15,-12,102,0.21,6,12,1,1,2,2,0,0,88,10.2,12:09,52.1,EDM,425000,425000
Sam Lafferty,20232024,VAN,R,C,76,12,11,23,4,32,0.3,11,22,0,0,1,1,0,3,75,16,11:52,42,VAN,1150000,1150000
Sam Reinhart,20232024,FLA,R,C,80,54,37,91,26,31,1.14,22,52,27,34,5,5,2,9,225,24,20:16,44.2,FLA,4500000,6500000
Sam Steel,20232024,DAL,L,C,75,9,15,24,0,29,0.32,7,21,0,0,2,3,0,1,84,10.7,13:16,44.7,DAL,850000,850000
Samuel Girard,20232024,COL,L,D,58,3,15,18,1,10,0.31,3,17,0,1,0,0,0,0,73,4.1,19:39,--,COL,5000000,5000000
Scott Laughton,20232024,PHI,L,C,80,13,25,38,-8,69,0.48,10,26,1,5,2,7,0,2,165,7.9,15:43,49,PHI,3625000,3000000
Scott Perunovich,20232024,STL,L,D,51,0,17,17,3,8,0.33,0,11,0,6,0,0,0,0,33,0,14:54,--,STL,775000,775000
Sean Couturier,20232024,PHI,L,C,72,11,26,37,-11,29,0.51,8,28,3,7,0,2,2,3,188,5.9,17:49,53.7,PHI,4000000,7750000
Sean Durzi,20232024,ARI,R,D,73,8,30,38,-1,63,0.52,5,23,3,15,0,0,0,1,134,6,22:41,--,ARI,2000000,1700000
Sean Kuraly,20232024,CBJ,L,C,60,9,8,17,-4,40,0.28,9,16,0,0,0,1,0,0,89,10.1,13:37,47.8,CBJ,3250000,2500000
Sean Monahan,20232024,"MTL,WPG",L,C,80,24,32,56,-3,12,0.7,13,34,9,20,2,2,0,4,167,14.4,18:08,54.7,WPG,1985000,1985000
Sean Walker,20232024,"PHI,COL",R,D,78,10,18,28,9,48,0.36,8,24,0,1,2,3,0,1,145,6.9,19:10,--,COL,3350000,2650000
Sebastian Aho,20232024,CAR,L,C,76,35,52,87,30,34,1.14,23,53,11,32,1,2,2,10,211,16.6,19:38,54.3,NYI,850000,825000
Sebastian Aho,20232024,CAR,L,C,76,35,52,87,30,34,1.14,23,53,11,32,1,2,2,10,211,16.6,19:38,54.3,CAR,775000,8460250
Seth Jarvis,20232024,CAR,R,C,79,30,33,63,20,14,0.8,17,42,11,18,2,3,1,8,173,17.3,18:47,45.2,CAR,832500,894167
Seth Jones,20232024,CHI,R,D,63,8,22,30,-14,30,0.48,5,21,3,9,0,0,2,4,164,4.9,25:29,--,CHI,7500000,9500000
Shane Pinto,20232024,OTT,R,C,38,8,18,26,10,10,0.68,5,21,3,5,0,0,1,1,103,7.8,17:50,51.4,OTT,775000,775000
Shayne Gostisbehere,20232024,DET,L,D,78,10,40,50,-19,16,0.64,8,22,2,28,0,0,0,2,131,7.6,19:02,--,DET,4125000,4125000
Shea Theodore,20232024,VGK,L,D,43,5,34,39,3,6,0.91,3,26,2,13,0,0,0,1,94,5.3,22:08,--,VEG,5200000,5200000
Sidney Crosby,20232024,PIT,L,C,79,41,48,89,10,40,1.13,32,69,9,20,0,0,0,3,267,15.4,20:05,58.2,PIT,3000000,8700000
Simon Holmstrom,20232024,NYI,L,R,74,14,9,23,0,14,0.31,9,16,0,0,5,7,0,2,71,19.7,13:17,31.6,NA,NA,NA
Simon Nemec,20232024,NJD,R,D,58,3,16,19,-6,33,0.33,3,17,0,2,0,0,0,1,72,4.2,19:50,--,NJD,855000,918333
Sonny Milano,20232024,WSH,L,L,46,13,8,21,4,10,0.46,10,17,3,4,0,0,0,2,46,28.3,12:37,--,WSH,2350000,1900000
Stefan Noesen,20232024,CAR,R,R,78,14,21,35,13,31,0.45,11,25,3,10,0,0,0,3,106,13.2,11:46,41.6,CAR,775000,762500
Steven Stamkos,20232024,TBL,R,C,76,39,38,77,-21,32,1.01,20,38,19,39,0,0,0,6,246,15.9,18:12,55.3,TBL,1000000,8500000
T.J. Oshie,20232024,WSH,R,R,49,11,12,23,-8,44,0.47,4,12,7,11,0,0,0,3,84,13.1,16:48,27.9,WSH,4000000,5750000
Tage Thompson,20232024,BUF,R,C,69,29,27,56,0,43,0.81,18,38,9,16,2,2,0,3,242,12,18:18,43.5,BUF,5142858,7142857
Taylor Raddysh,20232024,CHI,R,R,71,5,9,14,-18,22,0.2,3,10,1,3,1,1,0,0,117,4.3,15:57,33.3,CHI,775000,758333
Teddy Blueger,20232024,VAN,L,C,65,6,21,27,6,31,0.42,4,24,0,0,2,3,0,0,95,6.3,14:56,53,VAN,1650000,1900000
Teuvo Teravainen,20232024,CAR,L,L,75,23,28,51,16,10,0.68,14,31,8,16,1,4,0,4,137,16.8,16:25,47.1,NA,NA,NA
Thomas Chabot,20232024,OTT,L,D,48,8,21,29,-3,22,0.6,7,22,1,7,0,0,0,0,107,7.5,23:21,--,OTT,8000000,8000000
Thomas Harley,20232024,DAL,L,D,77,15,31,46,25,18,0.6,13,36,1,9,1,1,3,3,142,10.6,20:57,--,DAL,832500,863333
Tim Stützle,20232024,OTT,L,C,75,18,52,70,-17,28,0.93,17,50,1,20,0,0,2,2,192,9.4,21:07,46.7,OTT,5000000,8350000
Timo Meier,20232024,NJD,L,R,67,27,24,51,-28,45,0.76,17,34,10,17,0,0,1,4,201,13.4,17:29,48.3,NJD,6000000,8800000
Timothy Liljegren,20232024,TOR,R,D,52,3,20,23,7,16,0.44,3,15,0,7,0,1,0,1,60,5,19:40,--,TOR,1500000,1400000
TJ Brodie,20232024,TOR,L,D,76,0,25,25,19,40,0.33,0,25,0,0,0,0,0,0,50,0,21:45,--,NA,NA,NA
Tom Wilson,20232024,WSH,R,R,71,18,15,33,-21,131,0.46,11,22,5,9,2,2,0,3,164,11,18:03,36.7,WSH,5100000,5166667
Tomas Hertl,20232024,"SJS,VGK",L,C,50,15,20,35,-29,22,0.7,9,24,5,10,1,1,1,1,114,13.2,20:48,56.7,NA,NA,NA
Tomas Tatar,20232024,"COL,SEA",L,L,67,8,14,22,6,20,0.33,8,21,0,1,0,0,0,2,69,11.6,12:28,21.1,NA,NA,NA
Tommy Novak,20232024,NSH,L,C,68,16,25,41,-3,6,0.6,10,30,6,11,0,0,0,1,108,14.8,14:11,42.6,NA,NA,NA
Torey Krug,20232024,STL,L,D,77,4,35,39,-31,32,0.51,4,26,0,13,0,0,0,2,162,2.5,21:58,--,STL,8500000,6500000
Travis Konecny,20232024,PHI,R,R,74,32,35,67,5,67,0.91,23,52,4,9,5,6,0,4,238,13.5,19:48,39.4,PHI,6000000,5500000
Travis Sanheim,20232024,PHI,L,D,79,10,34,44,-19,48,0.56,9,35,0,5,1,4,0,3,143,7,23:46,--,PHI,5125000,6250000
Trent Frederic,20232024,BOS,L,C,79,18,21,39,9,67,0.49,16,37,2,2,0,0,0,1,119,15.1,13:45,44.5,BOS,2050000,2300000
Trevor Lewis,20232024,LAK,R,C,79,8,7,15,5,20,0.19,7,12,0,1,1,2,0,2,128,6.3,11:35,41.4,LAK,775000,775000
Trevor Moore,20232024,LAK,L,L,79,30,25,55,11,28,0.7,26,46,2,7,2,2,0,5,240,12.5,17:58,29.8,LAK,3500000,4200000
Troy Terry,20232024,ANA,R,R,73,20,33,53,-10,22,0.73,16,40,4,13,0,0,1,5,169,11.8,18:18,33.3,ANA,7000000,7000000
Tye Kartye,20232024,SEA,L,L,73,9,9,18,-4,37,0.25,9,18,0,0,0,0,0,1,102,8.8,11:48,48.2,SEA,775000,859167
Tyler Bertuzzi,20232024,TOR,L,L,77,21,22,43,7,47,0.56,16,37,5,6,0,0,0,2,153,13.7,16:02,30.8,TOR,775000,5500000
Tyler Johnson,20232024,CHI,R,C,63,16,13,29,-34,24,0.46,9,15,7,14,0,0,0,1,105,15.2,15:38,44.8,CHI,4750000,5000000
Tyler Myers,20232024,VAN,R,D,74,4,22,26,13,75,0.35,3,25,0,0,1,1,0,0,87,4.6,18:52,--,VAN,1000000,6000000
Tyler Seguin,20232024,DAL,R,C,67,25,27,52,10,26,0.78,22,42,3,8,0,2,0,3,152,16.5,16:32,56.3,DAL,2950000,9850000
Tyler Toffoli,20232024,"NJD,WPG",R,C,76,31,21,52,-9,14,0.68,21,35,10,17,0,0,1,3,216,14.4,17:01,38.2,WPG,1750000,2125000
Tyson Barrie,20232024,NSH,R,D,41,1,14,15,-10,16,0.37,1,9,0,6,0,0,0,0,65,1.5,18:19,--,NSH,3750000,4500000
Tyson Foerster,20232024,PHI,R,R,75,20,13,33,0,32,0.44,15,24,4,8,1,1,0,2,162,12.4,17:13,33.3,PHI,832500,863333
Urho Vaakanainen,20232024,ANA,L,D,67,1,13,14,0,26,0.21,1,13,0,0,0,1,0,0,67,1.5,17:29,--,ANA,900000,850000
Valeri Nichushkin,20232024,COL,L,R,51,26,24,50,6,20,0.98,11,28,15,20,0,2,2,6,149,17.5,21:32,28.6,COL,7500000,6125000
Valtteri Puustinen,20232024,PIT,R,R,49,4,15,19,3,6,0.39,4,17,0,2,0,0,0,0,81,4.9,11:52,25,PIT,775000,775000
Victor Hedman,20232024,TBL,L,D,76,13,63,76,20,76,1,9,45,4,31,0,0,0,2,162,8,24:47,--,TBL,5000000,7875000
Victor Olofsson,20232024,BUF,L,L,50,7,8,15,0,4,0.3,6,12,1,3,0,0,0,1,66,10.6,11:38,0,BUF,4750000,4750000
Vince Dunn,20232024,SEA,L,D,59,11,35,46,8,78,0.78,7,29,4,16,0,1,0,0,120,9.2,23:05,--,SEA,9000000,7350000
Vincent Trocheck,20232024,NYR,R,C,80,25,51,76,13,55,0.95,13,51,11,24,1,1,1,5,210,11.9,21:24,58.8,NYR,3500000,5625000
Vladimir Tarasenko,20232024,"OTT,FLA",L,R,74,23,31,54,11,12,0.73,20,45,3,9,0,0,0,5,146,15.8,15:42,57.1,FLA,2500000,2500000
Vladislav Gavrikov,20232024,LAK,L,D,74,6,17,23,9,28,0.31,6,22,0,0,0,1,1,1,108,5.6,20:41,--,LAK,775000,5875000
Vladislav Namestnikov,20232024,WPG,L,C,76,11,26,37,17,35,0.49,7,31,3,5,1,1,0,0,94,11.7,14:31,36.4,WPG,2000000,2000000
Warren Foegele,20232024,EDM,L,L,77,17,20,37,1,45,0.48,15,34,1,1,1,2,0,1,174,9.8,13:51,45.5,EDM,3250000,2750000
Will Borgen,20232024,SEA,R,D,78,3,22,25,-3,65,0.32,3,25,0,0,0,0,0,0,92,3.3,17:35,--,NA,NA,NA
Will Cuylle,20232024,NYR,L,L,79,13,8,21,-2,56,0.27,12,19,1,2,0,0,0,2,114,11.4,11:08,20,NA,NA,NA
William Eklund,20232024,SJS,L,L,77,16,27,43,-40,30,0.56,8,26,8,16,0,1,2,5,125,12.8,18:39,31.1,SJS,832500,863333
William Karlsson,20232024,VGK,L,C,66,27,29,56,15,20,0.85,20,41,6,13,1,2,0,2,164,16.5,17:42,55.2,VEG,5600000,5900000
William Nylander,20232024,TOR,R,R,79,40,56,96,7,24,1.22,26,58,11,34,3,4,2,7,305,13.1,19:57,46.1,TOR,2500000,6962366
Wyatt Johnston,20232024,DAL,R,C,80,32,33,65,14,38,0.81,26,52,3,10,3,3,0,3,211,15.2,16:57,50.3,DAL,832500,894167
Yakov Trenin,20232024,"NSH,COL",L,C,73,12,4,16,14,40,0.22,12,15,0,0,0,1,0,3,114,10.5,14:38,44.6,COL,1700000,1700000
Yanni Gourde,20232024,SEA,L,C,76,8,21,29,-12,62,0.38,8,26,0,2,0,1,0,0,148,5.4,17:31,47.8,SEA,5100000,5166666
Yegor Chinakhov,20232024,CBJ,L,R,53,16,13,29,-3,6,0.55,15,27,1,2,0,0,0,3,110,14.6,15:10,7.1,CBJ,800000,800000
Yegor Sharangovich,20232024,CGY,L,C,78,30,27,57,-28,8,0.73,21,34,6,17,3,6,1,4,168,17.9,17:14,38.7,CGY,3100000,3100000
Zach Benson,20232024,BUF,L,L,69,10,19,29,-3,36,0.42,10,27,0,2,0,0,0,1,94,10.6,14:30,29.4,BUF,855000,950000
Zach Bogosian,20232024,"TBL,MIN",R,D,61,3,11,14,9,59,0.23,3,13,0,0,0,1,0,1,80,3.8,17:48,--,MIN,1050000,850000
Zach Hyman,20232024,EDM,R,L,76,53,22,75,36,46,0.99,38,55,15,20,0,0,1,7,280,18.9,19:33,43.8,EDM,7650000,5500000
Zach Werenski,20232024,CBJ,L,D,68,9,44,53,-7,22,0.78,7,41,2,12,0,0,0,0,199,4.5,24:25,--,NA,NA,NA
Zemgus Girgensons,20232024,BUF,L,L,61,8,5,13,-1,21,0.21,8,13,0,0,0,0,0,3,72,11.1,11:51,48.7,BUF,2500000,2500000
